Segmento,Subgrupo / Família,Raça / Linha Base,Mutação / Sub-variedade,Categoria / Plumagem,Código / Classe Estimada FOB
Canto,Canários de Canto,Harz Roller,Clássico,Não Aplicável (Julgado por Melodia),Classe Canto
Canto,Canários de Canto,Harz Roller,Melânico,Não Aplicável (Julgado por Melodia),Classe Canto
Canto,Canários de Canto,Harz Roller,Lipocrômico,Não Aplicável (Julgado por Melodia),Classe Canto
Canto,Canários de Canto,Harz Roller,Pintado / Variegado,Não Aplicável (Julgado por Melodia),Classe Canto
Canto,Canários de Canto,Malinois Waterslager,Clássico,Não Aplicável (Julgado por Melodia),Classe Canto
Canto,Canários de Canto,Malinois Waterslager,Melânico,Não Aplicável (Julgado por Melodia),Classe Canto
Canto,Canários de Canto,Malinois Waterslager,Lipocrômico,Não Aplicável (Julgado por Melodia),Classe Canto
Canto,Canários de Canto,Malinois Waterslager,Pintado / Variegado,Não Aplicável (Julgado por Melodia),Classe Canto
Canto,Canários de Canto,Timbrado Espanhol,Clássico,Não Aplicável (Julgado por Melodia),Classe Canto
Canto,Canários de Canto,Timbrado Espanhol,Melânico,Não Aplicável (Julgado por Melodia),Classe Canto
Canto,Canários de Canto,Timbrado Espanhol,Lipocrômico,Não Aplicável (Julgado por Melodia),Classe Canto
Canto,Canários de Canto,Timbrado Espanhol,Pintado / Variegado,Não Aplicável (Julgado por Melodia),Classe Canto
Porte,Frisados,Frisado Parisiense,Amarelo,Padrão de Porte Oficial FOB,Classe Porte FRI
Porte,Frisados,Frisado Parisiense,Branco,Padrão de Porte Oficial FOB,Classe Porte FRI
Porte,Frisados,Frisado Parisiense,Verde,Padrão de Porte Oficial FOB,Classe Porte FRI
Porte,Frisados,Frisado Parisiense,Canela,Padrão de Porte Oficial FOB,Classe Porte FRI
Porte,Frisados,Frisado Parisiense,Pintado,Padrão de Porte Oficial FOB,Classe Porte FRI
Porte,Frisados,Gigante Italiano (AGI),Amarelo,Padrão de Porte Oficial FOB,Classe Porte GIG
Porte,Frisados,Gigante Italiano (AGI),Branco,Padrão de Porte Oficial FOB,Classe Porte GIG
Porte,Frisados,Gigante Italiano (AGI),Verde,Padrão de Porte Oficial FOB,Classe Porte GIG
Porte,Frisados,Gigante Italiano (AGI),Canela,Padrão de Porte Oficial FOB,Classe Porte GIG
Porte,Frisados,Gigante Italiano (AGI),Pintado,Padrão de Porte Oficial FOB,Classe Porte GIG
Porte,Frisados,Frisado do Norte,Amarelo Intenso,Padrão de Porte Oficial FOB,Classe Porte FRI
Porte,Frisados,Frisado do Norte,Amarelo Nevado,Padrão de Porte Oficial FOB,Classe Porte FRI
Porte,Frisados,Frisado do Norte,Branco,Padrão de Porte Oficial FOB,Classe Porte FRI
Porte,Frisados,Frisado do Norte,Verde,Padrão de Porte Oficial FOB,Classe Porte FRI
Porte,Frisados,Frisado do Norte,Canela,Padrão de Porte Oficial FOB,Classe Porte FRI
Porte,Frisados,Frisado do Norte,Pintado,Padrão de Porte Oficial FOB,Classe Porte FRI
Porte,Frisados,Frisado do Sul,Amarelo Intenso,Padrão de Porte Oficial FOB,Classe Porte FRI
Porte,Frisados,Frisado do Sul,Amarelo Nevado,Padrão de Porte Oficial FOB,Classe Porte FRI
Porte,Frisados,Frisado do Sul,Branco,Padrão de Porte Oficial FOB,Classe Porte FRI
Porte,Frisados,Frisado do Sul,Verde,Padrão de Porte Oficial FOB,Classe Porte FRI
Porte,Frisados,Frisado do Sul,Canela,Padrão de Porte Oficial FOB,Classe Porte FRI
Porte,Frisados,Frisado do Sul,Pintado,Padrão de Porte Oficial FOB,Classe Porte FRI
Porte,Frisados,Gibber Italicus,Amarelo Intenso,Padrão de Porte Oficial FOB,Classe Porte GIB
Porte,Frisados,Gibber Italicus,Branco,Padrão de Porte Oficial FOB,Classe Porte GIB
Porte,Frisados,Gibber Italicus,Pintado,Padrão de Porte Oficial FOB,Classe Porte GIB
Porte,Frisados,Giboso Espanhol,Amarelo Intenso,Padrão de Porte Oficial FOB,Classe Porte GIB
Porte,Frisados,Giboso Espanhol,Amarelo Nevado,Padrão de Porte Oficial FOB,Classe Porte GIB
Porte,Frisados,Giboso Espanhol,Branco,Padrão de Porte Oficial FOB,Classe Porte GIB
Porte,Frisados,Giboso Espanhol,Pintado,Padrão de Porte Oficial FOB,Classe Porte GIB
Porte,Frisados,Fiorino (Com Topete),Amarelo,Padrão de Porte Oficial FOB,Classe Porte FIO
Porte,Frisados,Fiorino (Com Topete),Branco,Padrão de Porte Oficial FOB,Classe Porte FIO
Porte,Frisados,Fiorino (Com Topete),Verde,Padrão de Porte Oficial FOB,Classe Porte FIO
Porte,Frisados,Fiorino (Com Topete),Canela,Padrão de Porte Oficial FOB,Classe Porte FIO
Porte,Frisados,Fiorino (Com Topete),Pintado,Padrão de Porte Oficial FOB,Classe Porte FIO
Porte,Frisados,Fiorino (Sem Topete),Amarelo,Padrão de Porte Oficial FOB,Classe Porte FIO
Porte,Frisados,Fiorino (Sem Topete),Branco,Padrão de Porte Oficial FOB,Classe Porte FIO
Porte,Frisados,Fiorino (Sem Topete),Verde,Padrão de Porte Oficial FOB,Classe Porte FIO
Porte,Frisados,Fiorino (Sem Topete),Canela,Padrão de Porte Oficial FOB,Classe Porte FIO
Porte,Frisados,Fiorino (Sem Topete),Pintado,Padrão de Porte Oficial FOB,Classe Porte FIO
Porte,Frisados,Padovano (Com Topete),Amarelo,Padrão de Porte Oficial FOB,Classe Porte PAD
Porte,Frisados,Padovano (Com Topete),Branco,Padrão de Porte Oficial FOB,Classe Porte PAD
Porte,Frisados,Padovano (Com Topete),Verde,Padrão de Porte Oficial FOB,Classe Porte PAD
Porte,Frisados,Padovano (Com Topete),Canela,Padrão de Porte Oficial FOB,Classe Porte PAD
Porte,Frisados,Padovano (Com Topete),Pintado,Padrão de Porte Oficial FOB,Classe Porte PAD
Porte,Frisados,Padovano (Sem Topete),Amarelo,Padrão de Porte Oficial FOB,Classe Porte PAD
Porte,Frisados,Padovano (Sem Topete),Branco,Padrão de Porte Oficial FOB,Classe Porte PAD
Porte,Frisados,Padovano (Sem Topete),Verde,Padrão de Porte Oficial FOB,Classe Porte PAD
Porte,Frisados,Padovano (Sem Topete),Canela,Padrão de Porte Oficial FOB,Classe Porte PAD
Porte,Frisados,Padovano (Sem Topete),Pintado,Padrão de Porte Oficial FOB,Classe Porte PAD
Porte,Frisados,Rogetto,Amarelo,Padrão de Porte Oficial FOB,Classe Porte ROG
Porte,Frisados,Rogetto,Branco,Padrão de Porte Oficial FOB,Classe Porte ROG
Porte,Frisados,Rogetto,Verde,Padrão de Porte Oficial FOB,Classe Porte ROG
Porte,Frisados,Rogetto,Pintado,Padrão de Porte Oficial FOB,Classe Porte ROG
Porte,Posição e Forma,Bossu Belga,Amarelo Intenso,Padrão de Porte Oficial FOB,Classe Porte BOS
Porte,Posição e Forma,Bossu Belga,Amarelo Nevado,Padrão de Porte Oficial FOB,Classe Porte BOS
Porte,Posição e Forma,Bossu Belga,Branco,Padrão de Porte Oficial FOB,Classe Porte BOS
Porte,Posição e Forma,Bossu Belga,Verde,Padrão de Porte Oficial FOB,Classe Porte BOS
Porte,Posição e Forma,Bossu Belga,Pintado,Padrão de Porte Oficial FOB,Classe Porte BOS
Porte,Posição e Forma,Scotch Fancy,Amarelo Intenso,Padrão de Porte Oficial FOB,Classe Porte SCO
Porte,Posição e Forma,Scotch Fancy,Amarelo Nevado,Padrão de Porte Oficial FOB,Classe Porte SCO
Porte,Posição e Forma,Scotch Fancy,Branco,Padrão de Porte Oficial FOB,Classe Porte SCO
Porte,Posição e Forma,Scotch Fancy,Verde,Padrão de Porte Oficial FOB,Classe Porte SCO
Porte,Posição e Forma,Scotch Fancy,Pintado,Padrão de Porte Oficial FOB,Classe Porte SCO
Porte,Posição e Forma,Llarguet Espanhol,Amarelo Intenso,Padrão de Porte Oficial FOB,Classe Porte LLA
Porte,Posição e Forma,Llarguet Espanhol,Amarelo Nevado,Padrão de Porte Oficial FOB,Classe Porte LLA
Porte,Posição e Forma,Llarguet Espanhol,Branco,Padrão de Porte Oficial FOB,Classe Porte LLA
Porte,Posição e Forma,Llarguet Espanhol,Pintado,Padrão de Porte Oficial FOB,Classe Porte LLA
Porte,Posição e Forma,Raza Española,Amarelo Intenso,Padrão de Porte Oficial FOB,Classe Porte RAZ
Porte,Posição e Forma,Raza Española,Amarelo Nevado,Padrão de Porte Oficial FOB,Classe Porte RAZ
Porte,Posição e Forma,Raza Española,Branco,Padrão de Porte Oficial FOB,Classe Porte RAZ
Porte,Posição e Forma,Raza Española,Verde,Padrão de Porte Oficial FOB,Classe Porte RAZ
Porte,Posição e Forma,Raza Española,Canela,Padrão de Porte Oficial FOB,Classe Porte RAZ
Porte,Posição e Forma,Raza Española,Azul,Padrão de Porte Oficial FOB,Classe Porte RAZ
Porte,Posição e Forma,Raza Española,Pintado,Padrão de Porte Oficial FOB,Classe Porte RAZ
Porte,Posição e Forma,Hosso Japonês,Amarelo Intenso,Padrão de Porte Oficial FOB,Classe Porte HOS
Porte,Posição e Forma,Hosso Japonês,Amarelo Nevado,Padrão de Porte Oficial FOB,Classe Porte HOS
Porte,Posição e Forma,Hosso Japonês,Branco,Padrão de Porte Oficial FOB,Classe Porte HOS
Porte,Posição e Forma,Hosso Japonês,Verde,Padrão de Porte Oficial FOB,Classe Porte HOS
Porte,Posição e Forma,Hosso Japonês,Pintado,Padrão de Porte Oficial FOB,Classe Porte HOS
Porte,Posição e Forma,Border,Amarelo Intenso,Padrão de Porte Oficial FOB,Classe Porte BOR
Porte,Posição e Forma,Border,Amarelo Nevado,Padrão de Porte Oficial FOB,Classe Porte BOR
Porte,Posição e Forma,Border,Branco,Padrão de Porte Oficial FOB,Classe Porte BOR
Porte,Posição e Forma,Border,Verde,Padrão de Porte Oficial FOB,Classe Porte BOR
Porte,Posição e Forma,Border,Pintado,Padrão de Porte Oficial FOB,Classe Porte BOR
Porte,Posição e Forma,Fife Fancy,Amarelo Intenso,Padrão de Porte Oficial FOB,Classe Porte FIF
Porte,Posição e Forma,Fife Fancy,Amarelo Nevado,Padrão de Porte Oficial FOB,Classe Porte FIF
Porte,Posição e Forma,Fife Fancy,Branco,Padrão de Porte Oficial FOB,Classe Porte FIF
Porte,Posição e Forma,Fife Fancy,Verde,Padrão de Porte Oficial FOB,Classe Porte FIF
Porte,Posição e Forma,Fife Fancy,Canela,Padrão de Porte Oficial FOB,Classe Porte FIF
Porte,Posição e Forma,Fife Fancy,Azul,Padrão de Porte Oficial FOB,Classe Porte FIF
Porte,Posição e Forma,Fife Fancy,Pintado,Padrão de Porte Oficial FOB,Classe Porte FIF
Porte,Posição e Forma,Norwich,Amarelo Intenso,Padrão de Porte Oficial FOB,Classe Porte NOR
Porte,Posição e Forma,Norwich,Amarelo Nevado,Padrão de Porte Oficial FOB,Classe Porte NOR
Porte,Posição e Forma,Norwich,Branco,Padrão de Porte Oficial FOB,Classe Porte NOR
Porte,Posição e Forma,Norwich,Verde,Padrão de Porte Oficial FOB,Classe Porte NOR
Porte,Posição e Forma,Norwich,Canela,Padrão de Porte Oficial FOB,Classe Porte NOR
Porte,Posição e Forma,Norwich,Pintado,Padrão de Porte Oficial FOB,Classe Porte NOR
Porte,Posição e Forma,Yorkshire,Amarelo Intenso,Padrão de Porte Oficial FOB,Classe Porte YOR
Porte,Posição e Forma,Yorkshire,Amarelo Nevado,Padrão de Porte Oficial FOB,Classe Porte YOR
Porte,Posição e Forma,Yorkshire,Branco,Padrão de Porte Oficial FOB,Classe Porte YOR
Porte,Posição e Forma,Yorkshire,Verde,Padrão de Porte Oficial FOB,Classe Porte YOR
Porte,Posição e Forma,Yorkshire,Pintado,Padrão de Porte Oficial FOB,Classe Porte YOR
Porte,Posição e Forma,Bernois,Amarelo Intenso,Padrão de Porte Oficial FOB,Classe Porte BER
Porte,Posição e Forma,Bernois,Amarelo Nevado,Padrão de Porte Oficial FOB,Classe Porte BER
Porte,Posição e Forma,Bernois,Branco,Padrão de Porte Oficial FOB,Classe Porte BER
Porte,Posição e Forma,Bernois,Pintado,Padrão de Porte Oficial FOB,Classe Porte BER
Porte,Topetes,Gloster Corona (Com Topete),Verde,Padrão de Porte Oficial FOB,Classe Porte GLO
Porte,Topetes,Gloster Corona (Com Topete),Canela,Padrão de Porte Oficial FOB,Classe Porte GLO
Porte,Topetes,Gloster Corona (Com Topete),Ágata,Padrão de Porte Oficial FOB,Classe Porte GLO
Porte,Topetes,Gloster Corona (Com Topete),Isabel,Padrão de Porte Oficial FOB,Classe Porte GLO
Porte,Topetes,Gloster Corona (Com Topete),Azul,Padrão de Porte Oficial FOB,Classe Porte GLO
Porte,Topetes,Gloster Corona (Com Topete),Amarelo,Padrão de Porte Oficial FOB,Classe Porte GLO
Porte,Topetes,Gloster Corona (Com Topete),Branco,Padrão de Porte Oficial FOB,Classe Porte GLO
Porte,Topetes,Gloster Corona (Com Topete),Pintado,Padrão de Porte Oficial FOB,Classe Porte GLO
Porte,Topetes,Gloster Consort (Sem Topete),Verde,Padrão de Porte Oficial FOB,Classe Porte GLO
Porte,Topetes,Gloster Consort (Sem Topete),Canela,Padrão de Porte Oficial FOB,Classe Porte GLO
Porte,Topetes,Gloster Consort (Sem Topete),Ágata,Padrão de Porte Oficial FOB,Classe Porte GLO
Porte,Topetes,Gloster Consort (Sem Topete),Isabel,Padrão de Porte Oficial FOB,Classe Porte GLO
Porte,Topetes,Gloster Consort (Sem Topete),Azul,Padrão de Porte Oficial FOB,Classe Porte GLO
Porte,Topetes,Gloster Consort (Sem Topete),Amarelo,Padrão de Porte Oficial FOB,Classe Porte GLO
Porte,Topetes,Gloster Consort (Sem Topete),Branco,Padrão de Porte Oficial FOB,Classe Porte GLO
Porte,Topetes,Gloster Consort (Sem Topete),Pintado,Padrão de Porte Oficial FOB,Classe Porte GLO
Porte,Topetes,Crested,Verde,Padrão de Porte Oficial FOB,Classe Porte CRE
Porte,Topetes,Crested,Canela,Padrão de Porte Oficial FOB,Classe Porte CRE
Porte,Topetes,Crested,Amarelo,Padrão de Porte Oficial FOB,Classe Porte CRE
Porte,Topetes,Crested,Branco,Padrão de Porte Oficial FOB,Classe Porte CRE
Porte,Topetes,Crested,Pintado,Padrão de Porte Oficial FOB,Classe Porte CRE
Porte,Topetes,Crestbred,Verde,Padrão de Porte Oficial FOB,Classe Porte CRE
Porte,Topetes,Crestbred,Canela,Padrão de Porte Oficial FOB,Classe Porte CRE
Porte,Topetes,Crestbred,Amarelo,Padrão de Porte Oficial FOB,Classe Porte CRE
Porte,Topetes,Crestbred,Branco,Padrão de Porte Oficial FOB,Classe Porte CRE
Porte,Topetes,Crestbred,Pintado,Padrão de Porte Oficial FOB,Classe Porte CRE
Porte,Topetes,Lancashire Coppy (Com Topete),Amarelo Intenso,Padrão de Porte Oficial FOB,Classe Porte LAN
Porte,Topetes,Lancashire Coppy (Com Topete),Amarelo Nevado,Padrão de Porte Oficial FOB,Classe Porte LAN
Porte,Topetes,Lancashire Coppy (Com Topete),Branco,Padrão de Porte Oficial FOB,Classe Porte LAN
Porte,Topetes,Lancashire Plainhead (Sem Topete),Amarelo Intenso,Padrão de Porte Oficial FOB,Classe Porte LAN
Porte,Topetes,Lancashire Plainhead (Sem Topete),Amarelo Nevado,Padrão de Porte Oficial FOB,Classe Porte LAN
Porte,Topetes,Lancashire Plainhead (Sem Topete),Branco,Padrão de Porte Oficial FOB,Classe Porte LAN
Porte,Topetes,Topete Alemão,Amarelo Intenso,Padrão de Porte Oficial FOB,Classe Porte TOP
Porte,Topetes,Topete Alemão,Amarelo Nevado,Padrão de Porte Oficial FOB,Classe Porte TOP
Porte,Topetes,Topete Alemão,Branco,Padrão de Porte Oficial FOB,Classe Porte TOP
Porte,Topetes,Topete Alemão,Verde,Padrão de Porte Oficial FOB,Classe Porte TOP
Porte,Topetes,Topete Alemão,Canela,Padrão de Porte Oficial FOB,Classe Porte TOP
Porte,Topetes,Topete Alemão,Pintado,Padrão de Porte Oficial FOB,Classe Porte TOP
Porte,Desenho,Lizard Gold,Intenso (Capuz Cheio),Padrão de Porte Oficial FOB,Classe Porte LIZ
Porte,Desenho,Lizard Gold,Intenso (Capuz Partido),Padrão de Porte Oficial FOB,Classe Porte LIZ
Porte,Desenho,Lizard Gold,Intenso (Sem Capuz),Padrão de Porte Oficial FOB,Classe Porte LIZ
Porte,Desenho,Lizard Silver,Nevado (Capuz Cheio),Padrão de Porte Oficial FOB,Classe Porte LIZ
Porte,Desenho,Lizard Silver,Nevado (Capuz Partido),Padrão de Porte Oficial FOB,Classe Porte LIZ
Porte,Desenho,Lizard Silver,Nevado (Sem Capuz),Padrão de Porte Oficial FOB,Classe Porte LIZ
Porte,Desenho,Lizard Blue,Branco (Capuz Cheio),Padrão de Porte Oficial FOB,Classe Porte LIZ
Porte,Desenho,Lizard Blue,Branco (Capuz Partido),Padrão de Porte Oficial FOB,Classe Porte LIZ
Porte,Desenho,Lizard Blue,Branco (Sem Capuz),Padrão de Porte Oficial FOB,Classe Porte LIZ
Porte,Desenho,Arlequim Português (Com Topete),Clássico / Melânico Variegado,Padrão de Porte Oficial FOB,Classe Porte ARL
Porte,Desenho,Arlequim Português (Com Topete),Canela Variegado,Padrão de Porte Oficial FOB,Classe Porte ARL
Porte,Desenho,Arlequim Português (Com Topete),Jaspe Variegado,Padrão de Porte Oficial FOB,Classe Porte ARL
Porte,Desenho,Arlequim Português (Sem Topete),Clássico / Melânico Variegado,Padrão de Porte Oficial FOB,Classe Porte ARL
Porte,Desenho,Arlequim Português (Sem Topete),Canela Variegado,Padrão de Porte Oficial FOB,Classe Porte ARL
Porte,Desenho,Arlequim Português (Sem Topete),Jaspe Variegado,Padrão de Porte Oficial FOB,Classe Porte ARL
Cor,Lipocrômicos Clássicos,Branco Dominante,Clássico (Sem Melanina),Não Aplicável,LIPO-BRA-NÃO
Cor,Lipocrômicos Clássicos,Branco Recessivo,Clássico (Sem Melanina),Não Aplicável,LIPO-BRA-NÃO
Cor,Lipocrômicos Clássicos,Amarelo,Clássico (Sem Melanina),Intenso,LIPO-AMA-INT
Cor,Lipocrômicos Clássicos,Amarelo,Clássico (Sem Melanina),Nevado,LIPO-AMA-NEV
Cor,Lipocrômicos Clássicos,Amarelo,Clássico (Sem Melanina),Mosaico Macho,LIPO-AMA-MOS
Cor,Lipocrômicos Clássicos,Amarelo,Clássico (Sem Melanina),Mosaico Fêmea,LIPO-AMA-MOS
Cor,Lipocrômicos Clássicos,Amarelo Marfim,Clássico (Sem Melanina),Intenso,LIPO-AMA-INT
Cor,Lipocrômicos Clássicos,Amarelo Marfim,Clássico (Sem Melanina),Nevado,LIPO-AMA-NEV
Cor,Lipocrômicos Clássicos,Amarelo Marfim,Clássico (Sem Melanina),Mosaico Macho,LIPO-AMA-MOS
Cor,Lipocrômicos Clássicos,Amarelo Marfim,Clássico (Sem Melanina),Mosaico Fêmea,LIPO-AMA-MOS
Cor,Lipocrômicos Clássicos,Vermelho,Clássico (Sem Melanina),Intenso,LIPO-VER-INT
Cor,Lipocrômicos Clássicos,Vermelho,Clássico (Sem Melanina),Nevado,LIPO-VER-NEV
Cor,Lipocrômicos Clássicos,Vermelho,Clássico (Sem Melanina),Mosaico Macho,LIPO-VER-MOS
Cor,Lipocrômicos Clássicos,Vermelho,Clássico (Sem Melanina),Mosaico Fêmea,LIPO-VER-MOS
Cor,Lipocrômicos Clássicos,Vermelho Marfim,Clássico (Sem Melanina),Intenso,LIPO-VER-INT
Cor,Lipocrômicos Clássicos,Vermelho Marfim,Clássico (Sem Melanina),Nevado,LIPO-VER-NEV
Cor,Lipocrômicos Clássicos,Vermelho Marfim,Clássico (Sem Melanina),Mosaico Macho,LIPO-VER-MOS
Cor,Lipocrômicos Clássicos,Vermelho Marfim,Clássico (Sem Melanina),Mosaico Fêmea,LIPO-VER-MOS
Cor,Lipocrômicos Mutações,Vermelho Uruncum,Uruncum,Intenso,LIPO-URUN-INT
Cor,Lipocrômicos Mutações,Vermelho Uruncum,Uruncum,Nevado,LIPO-URUN-NEV
Cor,Lipocrômicos Mutações,Vermelho Uruncum,Uruncum,Mosaico Macho,LIPO-URUN-MOS
Cor,Lipocrômicos Mutações,Vermelho Uruncum,Uruncum,Mosaico Fêmea,LIPO-URUN-MOS
Cor,Melânicos Negro Oxidado,Verde (Negro Amarelo),Clássico,Intenso,MEL-NE-CLÁ-VER
Cor,Melânicos Negro Oxidado,Verde (Negro Amarelo),Clássico,Nevado,MEL-NE-CLÁ-VER
Cor,Melânicos Negro Oxidado,Verde (Negro Amarelo),Clássico,Mosaico Macho,MEL-NE-CLÁ-VER
Cor,Melânicos Negro Oxidado,Verde (Negro Amarelo),Clássico,Mosaico Fêmea,MEL-NE-CLÁ-VER
Cor,Melânicos Negro Oxidado,Azul (Negro Branco),Clássico,Não Aplicável (Fundo Branco/Azul),MEL-NE-CLÁ-AZU
Cor,Melânicos Negro Oxidado,Cobre (Negro Vermelho),Clássico,Intenso,MEL-NE-CLÁ-COB
Cor,Melânicos Negro Oxidado,Cobre (Negro Vermelho),Clássico,Nevado,MEL-NE-CLÁ-COB
Cor,Melânicos Negro Oxidado,Cobre (Negro Vermelho),Clássico,Mosaico Macho,MEL-NE-CLÁ-COB
Cor,Melânicos Negro Oxidado,Cobre (Negro Vermelho),Clássico,Mosaico Fêmea,MEL-NE-CLÁ-COB
Cor,Melânicos Negro Oxidado,Negro Oxidado Amarelo,Clássico,Intenso,MEL-NE-CLÁ-AMA
Cor,Melânicos Negro Oxidado,Negro Oxidado Amarelo,Clássico,Nevado,MEL-NE-CLÁ-AMA
Cor,Melânicos Negro Oxidado,Negro Oxidado Amarelo,Clássico,Mosaico Macho,MEL-NE-CLÁ-AMA
Cor,Melânicos Negro Oxidado,Negro Oxidado Amarelo,Clássico,Mosaico Fêmea,MEL-NE-CLÁ-AMA
Cor,Melânicos Negro Oxidado,Negro Oxidado Amarelo Marfim,Clássico,Intenso,MEL-NE-CLÁ-AMA
Cor,Melânicos Negro Oxidado,Negro Oxidado Amarelo Marfim,Clássico,Nevado,MEL-NE-CLÁ-AMA
Cor,Melânicos Negro Oxidado,Negro Oxidado Amarelo Marfim,Clássico,Mosaico Macho,MEL-NE-CLÁ-AMA
Cor,Melânicos Negro Oxidado,Negro Oxidado Amarelo Marfim,Clássico,Mosaico Fêmea,MEL-NE-CLÁ-AMA
Cor,Melânicos Negro Oxidado,Negro Oxidado Vermelho,Clássico,Intenso,MEL-NE-CLÁ-VER
Cor,Melânicos Negro Oxidado,Negro Oxidado Vermelho,Clássico,Nevado,MEL-NE-CLÁ-VER
Cor,Melânicos Negro Oxidado,Negro Oxidado Vermelho,Clássico,Mosaico Macho,MEL-NE-CLÁ-VER
Cor,Melânicos Negro Oxidado,Negro Oxidado Vermelho,Clássico,Mosaico Fêmea,MEL-NE-CLÁ-VER
Cor,Melânicos Negro Oxidado,Negro Oxidado Vermelho Marfim,Clássico,Intenso,MEL-NE-CLÁ-VER
Cor,Melânicos Negro Oxidado,Negro Oxidado Vermelho Marfim,Clássico,Nevado,MEL-NE-CLÁ-VER
Cor,Melânicos Negro Oxidado,Negro Oxidado Vermelho Marfim,Clássico,Mosaico Macho,MEL-NE-CLÁ-VER
Cor,Melânicos Negro Oxidado,Negro Oxidado Vermelho Marfim,Clássico,Mosaico Fêmea,MEL-NE-CLÁ-VER
Cor,Melânicos Negro Oxidado,Verde (Negro Amarelo),Pastel,Intenso,MEL-NE-PAS-VER
Cor,Melânicos Negro Oxidado,Verde (Negro Amarelo),Pastel,Nevado,MEL-NE-PAS-VER
Cor,Melânicos Negro Oxidado,Verde (Negro Amarelo),Pastel,Mosaico Macho,MEL-NE-PAS-VER
Cor,Melânicos Negro Oxidado,Verde (Negro Amarelo),Pastel,Mosaico Fêmea,MEL-NE-PAS-VER
Cor,Melânicos Negro Oxidado,Azul (Negro Branco),Pastel,Não Aplicável (Fundo Branco/Azul),MEL-NE-PAS-AZU
Cor,Melânicos Negro Oxidado,Cobre (Negro Vermelho),Pastel,Intenso,MEL-NE-PAS-COB
Cor,Melânicos Negro Oxidado,Cobre (Negro Vermelho),Pastel,Nevado,MEL-NE-PAS-COB
Cor,Melânicos Negro Oxidado,Cobre (Negro Vermelho),Pastel,Mosaico Macho,MEL-NE-PAS-COB
Cor,Melânicos Negro Oxidado,Cobre (Negro Vermelho),Pastel,Mosaico Fêmea,MEL-NE-PAS-COB
Cor,Melânicos Negro Oxidado,Negro Oxidado Amarelo,Pastel,Intenso,MEL-NE-PAS-AMA
Cor,Melânicos Negro Oxidado,Negro Oxidado Amarelo,Pastel,Nevado,MEL-NE-PAS-AMA
Cor,Melânicos Negro Oxidado,Negro Oxidado Amarelo,Pastel,Mosaico Macho,MEL-NE-PAS-AMA
Cor,Melânicos Negro Oxidado,Negro Oxidado Amarelo,Pastel,Mosaico Fêmea,MEL-NE-PAS-AMA
Cor,Melânicos Negro Oxidado,Negro Oxidado Amarelo Marfim,Pastel,Intenso,MEL-NE-PAS-AMA
Cor,Melânicos Negro Oxidado,Negro Oxidado Amarelo Marfim,Pastel,Nevado,MEL-NE-PAS-AMA
Cor,Melânicos Negro Oxidado,Negro Oxidado Amarelo Marfim,Pastel,Mosaico Macho,MEL-NE-PAS-AMA
Cor,Melânicos Negro Oxidado,Negro Oxidado Amarelo Marfim,Pastel,Mosaico Fêmea,MEL-NE-PAS-AMA
Cor,Melânicos Negro Oxidado,Negro Oxidado Vermelho,Pastel,Intenso,MEL-NE-PAS-VER
Cor,Melânicos Negro Oxidado,Negro Oxidado Vermelho,Pastel,Nevado,MEL-NE-PAS-VER
Cor,Melânicos Negro Oxidado,Negro Oxidado Vermelho,Pastel,Mosaico Macho,MEL-NE-PAS-VER
Cor,Melânicos Negro Oxidado,Negro Oxidado Vermelho,Pastel,Mosaico Fêmea,MEL-NE-PAS-VER
Cor,Melânicos Negro Oxidado,Negro Oxidado Vermelho Marfim,Pastel,Intenso,MEL-NE-PAS-VER
Cor,Melânicos Negro Oxidado,Negro Oxidado Vermelho Marfim,Pastel,Nevado,MEL-NE-PAS-VER
Cor,Melânicos Negro Oxidado,Negro Oxidado Vermelho Marfim,Pastel,Mosaico Macho,MEL-NE-PAS-VER
Cor,Melânicos Negro Oxidado,Negro Oxidado Vermelho Marfim,Pastel,Mosaico Fêmea,MEL-NE-PAS-VER
Cor,Melânicos Negro Oxidado,Verde (Negro Amarelo),Asas Cinzas,Intenso,MEL-NE-ASA-VER
Cor,Melânicos Negro Oxidado,Verde (Negro Amarelo),Asas Cinzas,Nevado,MEL-NE-ASA-VER
Cor,Melânicos Negro Oxidado,Verde (Negro Amarelo),Asas Cinzas,Mosaico Macho,MEL-NE-ASA-VER
Cor,Melânicos Negro Oxidado,Verde (Negro Amarelo),Asas Cinzas,Mosaico Fêmea,MEL-NE-ASA-VER
Cor,Melânicos Negro Oxidado,Azul (Negro Branco),Asas Cinzas,Não Aplicável (Fundo Branco/Azul),MEL-NE-ASA-AZU
Cor,Melânicos Negro Oxidado,Cobre (Negro Vermelho),Asas Cinzas,Intenso,MEL-NE-ASA-COB
Cor,Melânicos Negro Oxidado,Cobre (Negro Vermelho),Asas Cinzas,Nevado,MEL-NE-ASA-COB
Cor,Melânicos Negro Oxidado,Cobre (Negro Vermelho),Asas Cinzas,Mosaico Macho,MEL-NE-ASA-COB
Cor,Melânicos Negro Oxidado,Cobre (Negro Vermelho),Asas Cinzas,Mosaico Fêmea,MEL-NE-ASA-COB
Cor,Melânicos Negro Oxidado,Negro Oxidado Amarelo,Asas Cinzas,Intenso,MEL-NE-ASA-AMA
Cor,Melânicos Negro Oxidado,Negro Oxidado Amarelo,Asas Cinzas,Nevado,MEL-NE-ASA-AMA
Cor,Melânicos Negro Oxidado,Negro Oxidado Amarelo,Asas Cinzas,Mosaico Macho,MEL-NE-ASA-AMA
Cor,Melânicos Negro Oxidado,Negro Oxidado Amarelo,Asas Cinzas,Mosaico Fêmea,MEL-NE-ASA-AMA
Cor,Melânicos Negro Oxidado,Negro Oxidado Amarelo Marfim,Asas Cinzas,Intenso,MEL-NE-ASA-AMA
Cor,Melânicos Negro Oxidado,Negro Oxidado Amarelo Marfim,Asas Cinzas,Nevado,MEL-NE-ASA-AMA
Cor,Melânicos Negro Oxidado,Negro Oxidado Amarelo Marfim,Asas Cinzas,Mosaico Macho,MEL-NE-ASA-AMA
Cor,Melânicos Negro Oxidado,Negro Oxidado Amarelo Marfim,Asas Cinzas,Mosaico Fêmea,MEL-NE-ASA-AMA
Cor,Melânicos Negro Oxidado,Negro Oxidado Vermelho,Asas Cinzas,Intenso,MEL-NE-ASA-VER
Cor,Melânicos Negro Oxidado,Negro Oxidado Vermelho,Asas Cinzas,Nevado,MEL-NE-ASA-VER
Cor,Melânicos Negro Oxidado,Negro Oxidado Vermelho,Asas Cinzas,Mosaico Macho,MEL-NE-ASA-VER
Cor,Melânicos Negro Oxidado,Negro Oxidado Vermelho,Asas Cinzas,Mosaico Fêmea,MEL-NE-ASA-VER
Cor,Melânicos Negro Oxidado,Negro Oxidado Vermelho Marfim,Asas Cinzas,Intenso,MEL-NE-ASA-VER
Cor,Melânicos Negro Oxidado,Negro Oxidado Vermelho Marfim,Asas Cinzas,Nevado,MEL-NE-ASA-VER
Cor,Melânicos Negro Oxidado,Negro Oxidado Vermelho Marfim,Asas Cinzas,Mosaico Macho,MEL-NE-ASA-VER
Cor,Melânicos Negro Oxidado,Negro Oxidado Vermelho Marfim,Asas Cinzas,Mosaico Fêmea,MEL-NE-ASA-VER
Cor,Melânicos Negro Oxidado,Verde (Negro Amarelo),Opala,Intenso,MEL-NE-OPA-VER
Cor,Melânicos Negro Oxidado,Verde (Negro Amarelo),Opala,Nevado,MEL-NE-OPA-VER
Cor,Melânicos Negro Oxidado,Verde (Negro Amarelo),Opala,Mosaico Macho,MEL-NE-OPA-VER
Cor,Melânicos Negro Oxidado,Verde (Negro Amarelo),Opala,Mosaico Fêmea,MEL-NE-OPA-VER
Cor,Melânicos Negro Oxidado,Azul (Negro Branco),Opala,Não Aplicável (Fundo Branco/Azul),MEL-NE-OPA-AZU
Cor,Melânicos Negro Oxidado,Cobre (Negro Vermelho),Opala,Intenso,MEL-NE-OPA-COB
Cor,Melânicos Negro Oxidado,Cobre (Negro Vermelho),Opala,Nevado,MEL-NE-OPA-COB
Cor,Melânicos Negro Oxidado,Cobre (Negro Vermelho),Opala,Mosaico Macho,MEL-NE-OPA-COB
Cor,Melânicos Negro Oxidado,Cobre (Negro Vermelho),Opala,Mosaico Fêmea,MEL-NE-OPA-COB
Cor,Melânicos Negro Oxidado,Negro Oxidado Amarelo,Opala,Intenso,MEL-NE-OPA-AMA
Cor,Melânicos Negro Oxidado,Negro Oxidado Amarelo,Opala,Nevado,MEL-NE-OPA-AMA
Cor,Melânicos Negro Oxidado,Negro Oxidado Amarelo,Opala,Mosaico Macho,MEL-NE-OPA-AMA
Cor,Melânicos Negro Oxidado,Negro Oxidado Amarelo,Opala,Mosaico Fêmea,MEL-NE-OPA-AMA
Cor,Melânicos Negro Oxidado,Negro Oxidado Amarelo Marfim,Opala,Intenso,MEL-NE-OPA-AMA
Cor,Melânicos Negro Oxidado,Negro Oxidado Amarelo Marfim,Opala,Nevado,MEL-NE-OPA-AMA
Cor,Melânicos Negro Oxidado,Negro Oxidado Amarelo Marfim,Opala,Mosaico Macho,MEL-NE-OPA-AMA
Cor,Melânicos Negro Oxidado,Negro Oxidado Amarelo Marfim,Opala,Mosaico Fêmea,MEL-NE-OPA-AMA
Cor,Melânicos Negro Oxidado,Negro Oxidado Vermelho,Opala,Intenso,MEL-NE-OPA-VER
Cor,Melânicos Negro Oxidado,Negro Oxidado Vermelho,Opala,Nevado,MEL-NE-OPA-VER
Cor,Melânicos Negro Oxidado,Negro Oxidado Vermelho,Opala,Mosaico Macho,MEL-NE-OPA-VER
Cor,Melânicos Negro Oxidado,Negro Oxidado Vermelho,Opala,Mosaico Fêmea,MEL-NE-OPA-VER
Cor,Melânicos Negro Oxidado,Negro Oxidado Vermelho Marfim,Opala,Intenso,MEL-NE-OPA-VER
Cor,Melânicos Negro Oxidado,Negro Oxidado Vermelho Marfim,Opala,Nevado,MEL-NE-OPA-VER
Cor,Melânicos Negro Oxidado,Negro Oxidado Vermelho Marfim,Opala,Mosaico Macho,MEL-NE-OPA-VER
Cor,Melânicos Negro Oxidado,Negro Oxidado Vermelho Marfim,Opala,Mosaico Fêmea,MEL-NE-OPA-VER
Cor,Melânicos Negro Oxidado,Verde (Negro Amarelo),Ino,Intenso,MEL-NE-INO-VER
Cor,Melânicos Negro Oxidado,Verde (Negro Amarelo),Ino,Nevado,MEL-NE-INO-VER
Cor,Melânicos Negro Oxidado,Verde (Negro Amarelo),Ino,Mosaico Macho,MEL-NE-INO-VER
Cor,Melânicos Negro Oxidado,Verde (Negro Amarelo),Ino,Mosaico Fêmea,MEL-NE-INO-VER
Cor,Melânicos Negro Oxidado,Azul (Negro Branco),Ino,Não Aplicável (Fundo Branco/Azul),MEL-NE-INO-AZU
Cor,Melânicos Negro Oxidado,Cobre (Negro Vermelho),Ino,Intenso,MEL-NE-INO-COB
Cor,Melânicos Negro Oxidado,Cobre (Negro Vermelho),Ino,Nevado,MEL-NE-INO-COB
Cor,Melânicos Negro Oxidado,Cobre (Negro Vermelho),Ino,Mosaico Macho,MEL-NE-INO-COB
Cor,Melânicos Negro Oxidado,Cobre (Negro Vermelho),Ino,Mosaico Fêmea,MEL-NE-INO-COB
Cor,Melânicos Negro Oxidado,Negro Oxidado Amarelo,Ino,Intenso,MEL-NE-INO-AMA
Cor,Melânicos Negro Oxidado,Negro Oxidado Amarelo,Ino,Nevado,MEL-NE-INO-AMA
Cor,Melânicos Negro Oxidado,Negro Oxidado Amarelo,Ino,Mosaico Macho,MEL-NE-INO-AMA
Cor,Melânicos Negro Oxidado,Negro Oxidado Amarelo,Ino,Mosaico Fêmea,MEL-NE-INO-AMA
Cor,Melânicos Negro Oxidado,Negro Oxidado Amarelo Marfim,Ino,Intenso,MEL-NE-INO-AMA
Cor,Melânicos Negro Oxidado,Negro Oxidado Amarelo Marfim,Ino,Nevado,MEL-NE-INO-AMA
Cor,Melânicos Negro Oxidado,Negro Oxidado Amarelo Marfim,Ino,Mosaico Macho,MEL-NE-INO-AMA
Cor,Melânicos Negro Oxidado,Negro Oxidado Amarelo Marfim,Ino,Mosaico Fêmea,MEL-NE-INO-AMA
Cor,Melânicos Negro Oxidado,Negro Oxidado Vermelho,Ino,Intenso,MEL-NE-INO-VER
Cor,Melânicos Negro Oxidado,Negro Oxidado Vermelho,Ino,Nevado,MEL-NE-INO-VER
Cor,Melânicos Negro Oxidado,Negro Oxidado Vermelho,Ino,Mosaico Macho,MEL-NE-INO-VER
Cor,Melânicos Negro Oxidado,Negro Oxidado Vermelho,Ino,Mosaico Fêmea,MEL-NE-INO-VER
Cor,Melânicos Negro Oxidado,Negro Oxidado Vermelho Marfim,Ino,Intenso,MEL-NE-INO-VER
Cor,Melânicos Negro Oxidado,Negro Oxidado Vermelho Marfim,Ino,Nevado,MEL-NE-INO-VER
Cor,Melânicos Negro Oxidado,Negro Oxidado Vermelho Marfim,Ino,Mosaico Macho,MEL-NE-INO-VER
Cor,Melânicos Negro Oxidado,Negro Oxidado Vermelho Marfim,Ino,Mosaico Fêmea,MEL-NE-INO-VER
Cor,Melânicos Negro Oxidado,Verde (Negro Amarelo),Topázio,Intenso,MEL-NE-TOP-VER
Cor,Melânicos Negro Oxidado,Verde (Negro Amarelo),Topázio,Nevado,MEL-NE-TOP-VER
Cor,Melânicos Negro Oxidado,Verde (Negro Amarelo),Topázio,Mosaico Macho,MEL-NE-TOP-VER
Cor,Melânicos Negro Oxidado,Verde (Negro Amarelo),Topázio,Mosaico Fêmea,MEL-NE-TOP-VER
Cor,Melânicos Negro Oxidado,Azul (Negro Branco),Topázio,Não Aplicável (Fundo Branco/Azul),MEL-NE-TOP-AZU
Cor,Melânicos Negro Oxidado,Cobre (Negro Vermelho),Topázio,Intenso,MEL-NE-TOP-COB
Cor,Melânicos Negro Oxidado,Cobre (Negro Vermelho),Topázio,Nevado,MEL-NE-TOP-COB
Cor,Melânicos Negro Oxidado,Cobre (Negro Vermelho),Topázio,Mosaico Macho,MEL-NE-TOP-COB
Cor,Melânicos Negro Oxidado,Cobre (Negro Vermelho),Topázio,Mosaico Fêmea,MEL-NE-TOP-COB
Cor,Melânicos Negro Oxidado,Negro Oxidado Amarelo,Topázio,Intenso,MEL-NE-TOP-AMA
Cor,Melânicos Negro Oxidado,Negro Oxidado Amarelo,Topázio,Nevado,MEL-NE-TOP-AMA
Cor,Melânicos Negro Oxidado,Negro Oxidado Amarelo,Topázio,Mosaico Macho,MEL-NE-TOP-AMA
Cor,Melânicos Negro Oxidado,Negro Oxidado Amarelo,Topázio,Mosaico Fêmea,MEL-NE-TOP-AMA
Cor,Melânicos Negro Oxidado,Negro Oxidado Amarelo Marfim,Topázio,Intenso,MEL-NE-TOP-AMA
Cor,Melânicos Negro Oxidado,Negro Oxidado Amarelo Marfim,Topázio,Nevado,MEL-NE-TOP-AMA
Cor,Melânicos Negro Oxidado,Negro Oxidado Amarelo Marfim,Topázio,Mosaico Macho,MEL-NE-TOP-AMA
Cor,Melânicos Negro Oxidado,Negro Oxidado Amarelo Marfim,Topázio,Mosaico Fêmea,MEL-NE-TOP-AMA
Cor,Melânicos Negro Oxidado,Negro Oxidado Vermelho,Topázio,Intenso,MEL-NE-TOP-VER
Cor,Melânicos Negro Oxidado,Negro Oxidado Vermelho,Topázio,Nevado,MEL-NE-TOP-VER
Cor,Melânicos Negro Oxidado,Negro Oxidado Vermelho,Topázio,Mosaico Macho,MEL-NE-TOP-VER
Cor,Melânicos Negro Oxidado,Negro Oxidado Vermelho,Topázio,Mosaico Fêmea,MEL-NE-TOP-VER
Cor,Melânicos Negro Oxidado,Negro Oxidado Vermelho Marfim,Topázio,Intenso,MEL-NE-TOP-VER
Cor,Melânicos Negro Oxidado,Negro Oxidado Vermelho Marfim,Topázio,Nevado,MEL-NE-TOP-VER
Cor,Melânicos Negro Oxidado,Negro Oxidado Vermelho Marfim,Topázio,Mosaico Macho,MEL-NE-TOP-VER
Cor,Melânicos Negro Oxidado,Negro Oxidado Vermelho Marfim,Topázio,Mosaico Fêmea,MEL-NE-TOP-VER
Cor,Melânicos Negro Oxidado,Verde (Negro Amarelo),Eumo,Intenso,MEL-NE-EUM-VER
Cor,Melânicos Negro Oxidado,Verde (Negro Amarelo),Eumo,Nevado,MEL-NE-EUM-VER
Cor,Melânicos Negro Oxidado,Verde (Negro Amarelo),Eumo,Mosaico Macho,MEL-NE-EUM-VER
Cor,Melânicos Negro Oxidado,Verde (Negro Amarelo),Eumo,Mosaico Fêmea,MEL-NE-EUM-VER
Cor,Melânicos Negro Oxidado,Azul (Negro Branco),Eumo,Não Aplicável (Fundo Branco/Azul),MEL-NE-EUM-AZU
Cor,Melânicos Negro Oxidado,Cobre (Negro Vermelho),Eumo,Intenso,MEL-NE-EUM-COB
Cor,Melânicos Negro Oxidado,Cobre (Negro Vermelho),Eumo,Nevado,MEL-NE-EUM-COB
Cor,Melânicos Negro Oxidado,Cobre (Negro Vermelho),Eumo,Mosaico Macho,MEL-NE-EUM-COB
Cor,Melânicos Negro Oxidado,Cobre (Negro Vermelho),Eumo,Mosaico Fêmea,MEL-NE-EUM-COB
Cor,Melânicos Negro Oxidado,Negro Oxidado Amarelo,Eumo,Intenso,MEL-NE-EUM-AMA
Cor,Melânicos Negro Oxidado,Negro Oxidado Amarelo,Eumo,Nevado,MEL-NE-EUM-AMA
Cor,Melânicos Negro Oxidado,Negro Oxidado Amarelo,Eumo,Mosaico Macho,MEL-NE-EUM-AMA
Cor,Melânicos Negro Oxidado,Negro Oxidado Amarelo,Eumo,Mosaico Fêmea,MEL-NE-EUM-AMA
Cor,Melânicos Negro Oxidado,Negro Oxidado Amarelo Marfim,Eumo,Intenso,MEL-NE-EUM-AMA
Cor,Melânicos Negro Oxidado,Negro Oxidado Amarelo Marfim,Eumo,Nevado,MEL-NE-EUM-AMA
Cor,Melânicos Negro Oxidado,Negro Oxidado Amarelo Marfim,Eumo,Mosaico Macho,MEL-NE-EUM-AMA
Cor,Melânicos Negro Oxidado,Negro Oxidado Amarelo Marfim,Eumo,Mosaico Fêmea,MEL-NE-EUM-AMA
Cor,Melânicos Negro Oxidado,Negro Oxidado Vermelho,Eumo,Intenso,MEL-NE-EUM-VER
Cor,Melânicos Negro Oxidado,Negro Oxidado Vermelho,Eumo,Nevado,MEL-NE-EUM-VER
Cor,Melânicos Negro Oxidado,Negro Oxidado Vermelho,Eumo,Mosaico Macho,MEL-NE-EUM-VER
Cor,Melânicos Negro Oxidado,Negro Oxidado Vermelho,Eumo,Mosaico Fêmea,MEL-NE-EUM-VER
Cor,Melânicos Negro Oxidado,Negro Oxidado Vermelho Marfim,Eumo,Intenso,MEL-NE-EUM-VER
Cor,Melânicos Negro Oxidado,Negro Oxidado Vermelho Marfim,Eumo,Nevado,MEL-NE-EUM-VER
Cor,Melânicos Negro Oxidado,Negro Oxidado Vermelho Marfim,Eumo,Mosaico Macho,MEL-NE-EUM-VER
Cor,Melânicos Negro Oxidado,Negro Oxidado Vermelho Marfim,Eumo,Mosaico Fêmea,MEL-NE-EUM-VER
Cor,Melânicos Negro Oxidado,Verde (Negro Amarelo),Onix,Intenso,MEL-NE-ONI-VER
Cor,Melânicos Negro Oxidado,Verde (Negro Amarelo),Onix,Nevado,MEL-NE-ONI-VER
Cor,Melânicos Negro Oxidado,Verde (Negro Amarelo),Onix,Mosaico Macho,MEL-NE-ONI-VER
Cor,Melânicos Negro Oxidado,Verde (Negro Amarelo),Onix,Mosaico Fêmea,MEL-NE-ONI-VER
Cor,Melânicos Negro Oxidado,Azul (Negro Branco),Onix,Não Aplicável (Fundo Branco/Azul),MEL-NE-ONI-AZU
Cor,Melânicos Negro Oxidado,Cobre (Negro Vermelho),Onix,Intenso,MEL-NE-ONI-COB
Cor,Melânicos Negro Oxidado,Cobre (Negro Vermelho),Onix,Nevado,MEL-NE-ONI-COB
Cor,Melânicos Negro Oxidado,Cobre (Negro Vermelho),Onix,Mosaico Macho,MEL-NE-ONI-COB
Cor,Melânicos Negro Oxidado,Cobre (Negro Vermelho),Onix,Mosaico Fêmea,MEL-NE-ONI-COB
Cor,Melânicos Negro Oxidado,Negro Oxidado Amarelo,Onix,Intenso,MEL-NE-ONI-AMA
Cor,Melânicos Negro Oxidado,Negro Oxidado Amarelo,Onix,Nevado,MEL-NE-ONI-AMA
Cor,Melânicos Negro Oxidado,Negro Oxidado Amarelo,Onix,Mosaico Macho,MEL-NE-ONI-AMA
Cor,Melânicos Negro Oxidado,Negro Oxidado Amarelo,Onix,Mosaico Fêmea,MEL-NE-ONI-AMA
Cor,Melânicos Negro Oxidado,Negro Oxidado Amarelo Marfim,Onix,Intenso,MEL-NE-ONI-AMA
Cor,Melânicos Negro Oxidado,Negro Oxidado Amarelo Marfim,Onix,Nevado,MEL-NE-ONI-AMA
Cor,Melânicos Negro Oxidado,Negro Oxidado Amarelo Marfim,Onix,Mosaico Macho,MEL-NE-ONI-AMA
Cor,Melânicos Negro Oxidado,Negro Oxidado Amarelo Marfim,Onix,Mosaico Fêmea,MEL-NE-ONI-AMA
Cor,Melânicos Negro Oxidado,Negro Oxidado Vermelho,Onix,Intenso,MEL-NE-ONI-VER
Cor,Melânicos Negro Oxidado,Negro Oxidado Vermelho,Onix,Nevado,MEL-NE-ONI-VER
Cor,Melânicos Negro Oxidado,Negro Oxidado Vermelho,Onix,Mosaico Macho,MEL-NE-ONI-VER
Cor,Melânicos Negro Oxidado,Negro Oxidado Vermelho,Onix,Mosaico Fêmea,MEL-NE-ONI-VER
Cor,Melânicos Negro Oxidado,Negro Oxidado Vermelho Marfim,Onix,Intenso,MEL-NE-ONI-VER
Cor,Melânicos Negro Oxidado,Negro Oxidado Vermelho Marfim,Onix,Nevado,MEL-NE-ONI-VER
Cor,Melânicos Negro Oxidado,Negro Oxidado Vermelho Marfim,Onix,Mosaico Macho,MEL-NE-ONI-VER
Cor,Melânicos Negro Oxidado,Negro Oxidado Vermelho Marfim,Onix,Mosaico Fêmea,MEL-NE-ONI-VER
Cor,Melânicos Negro Oxidado,Verde (Negro Amarelo),Cobalto,Intenso,MEL-NE-COB-VER
Cor,Melânicos Negro Oxidado,Verde (Negro Amarelo),Cobalto,Nevado,MEL-NE-COB-VER
Cor,Melânicos Negro Oxidado,Verde (Negro Amarelo),Cobalto,Mosaico Macho,MEL-NE-COB-VER
Cor,Melânicos Negro Oxidado,Verde (Negro Amarelo),Cobalto,Mosaico Fêmea,MEL-NE-COB-VER
Cor,Melânicos Negro Oxidado,Azul (Negro Branco),Cobalto,Não Aplicável (Fundo Branco/Azul),MEL-NE-COB-AZU
Cor,Melânicos Negro Oxidado,Cobre (Negro Vermelho),Cobalto,Intenso,MEL-NE-COB-COB
Cor,Melânicos Negro Oxidado,Cobre (Negro Vermelho),Cobalto,Nevado,MEL-NE-COB-COB
Cor,Melânicos Negro Oxidado,Cobre (Negro Vermelho),Cobalto,Mosaico Macho,MEL-NE-COB-COB
Cor,Melânicos Negro Oxidado,Cobre (Negro Vermelho),Cobalto,Mosaico Fêmea,MEL-NE-COB-COB
Cor,Melânicos Negro Oxidado,Negro Oxidado Amarelo,Cobalto,Intenso,MEL-NE-COB-AMA
Cor,Melânicos Negro Oxidado,Negro Oxidado Amarelo,Cobalto,Nevado,MEL-NE-COB-AMA
Cor,Melânicos Negro Oxidado,Negro Oxidado Amarelo,Cobalto,Mosaico Macho,MEL-NE-COB-AMA
Cor,Melânicos Negro Oxidado,Negro Oxidado Amarelo,Cobalto,Mosaico Fêmea,MEL-NE-COB-AMA
Cor,Melânicos Negro Oxidado,Negro Oxidado Amarelo Marfim,Cobalto,Intenso,MEL-NE-COB-AMA
Cor,Melânicos Negro Oxidado,Negro Oxidado Amarelo Marfim,Cobalto,Nevado,MEL-NE-COB-AMA
Cor,Melânicos Negro Oxidado,Negro Oxidado Amarelo Marfim,Cobalto,Mosaico Macho,MEL-NE-COB-AMA
Cor,Melânicos Negro Oxidado,Negro Oxidado Amarelo Marfim,Cobalto,Mosaico Fêmea,MEL-NE-COB-AMA
Cor,Melânicos Negro Oxidado,Negro Oxidado Vermelho,Cobalto,Intenso,MEL-NE-COB-VER
Cor,Melânicos Negro Oxidado,Negro Oxidado Vermelho,Cobalto,Nevado,MEL-NE-COB-VER
Cor,Melânicos Negro Oxidado,Negro Oxidado Vermelho,Cobalto,Mosaico Macho,MEL-NE-COB-VER
Cor,Melânicos Negro Oxidado,Negro Oxidado Vermelho,Cobalto,Mosaico Fêmea,MEL-NE-COB-VER
Cor,Melânicos Negro Oxidado,Negro Oxidado Vermelho Marfim,Cobalto,Intenso,MEL-NE-COB-VER
Cor,Melânicos Negro Oxidado,Negro Oxidado Vermelho Marfim,Cobalto,Nevado,MEL-NE-COB-VER
Cor,Melânicos Negro Oxidado,Negro Oxidado Vermelho Marfim,Cobalto,Mosaico Macho,MEL-NE-COB-VER
Cor,Melânicos Negro Oxidado,Negro Oxidado Vermelho Marfim,Cobalto,Mosaico Fêmea,MEL-NE-COB-VER
Cor,Melânicos Negro Oxidado,Verde (Negro Amarelo),Jaspe Simples Diluição,Intenso,MEL-NE-JAS-VER
Cor,Melânicos Negro Oxidado,Verde (Negro Amarelo),Jaspe Simples Diluição,Nevado,MEL-NE-JAS-VER
Cor,Melânicos Negro Oxidado,Verde (Negro Amarelo),Jaspe Simples Diluição,Mosaico Macho,MEL-NE-JAS-VER
Cor,Melânicos Negro Oxidado,Verde (Negro Amarelo),Jaspe Simples Diluição,Mosaico Fêmea,MEL-NE-JAS-VER
Cor,Melânicos Negro Oxidado,Azul (Negro Branco),Jaspe Simples Diluição,Não Aplicável (Fundo Branco/Azul),MEL-NE-JAS-AZU
Cor,Melânicos Negro Oxidado,Cobre (Negro Vermelho),Jaspe Simples Diluição,Intenso,MEL-NE-JAS-COB
Cor,Melânicos Negro Oxidado,Cobre (Negro Vermelho),Jaspe Simples Diluição,Nevado,MEL-NE-JAS-COB
Cor,Melânicos Negro Oxidado,Cobre (Negro Vermelho),Jaspe Simples Diluição,Mosaico Macho,MEL-NE-JAS-COB
Cor,Melânicos Negro Oxidado,Cobre (Negro Vermelho),Jaspe Simples Diluição,Mosaico Fêmea,MEL-NE-JAS-COB
Cor,Melânicos Negro Oxidado,Negro Oxidado Amarelo,Jaspe Simples Diluição,Intenso,MEL-NE-JAS-AMA
Cor,Melânicos Negro Oxidado,Negro Oxidado Amarelo,Jaspe Simples Diluição,Nevado,MEL-NE-JAS-AMA
Cor,Melânicos Negro Oxidado,Negro Oxidado Amarelo,Jaspe Simples Diluição,Mosaico Macho,MEL-NE-JAS-AMA
Cor,Melânicos Negro Oxidado,Negro Oxidado Amarelo,Jaspe Simples Diluição,Mosaico Fêmea,MEL-NE-JAS-AMA
Cor,Melânicos Negro Oxidado,Negro Oxidado Amarelo Marfim,Jaspe Simples Diluição,Intenso,MEL-NE-JAS-AMA
Cor,Melânicos Negro Oxidado,Negro Oxidado Amarelo Marfim,Jaspe Simples Diluição,Nevado,MEL-NE-JAS-AMA
Cor,Melânicos Negro Oxidado,Negro Oxidado Amarelo Marfim,Jaspe Simples Diluição,Mosaico Macho,MEL-NE-JAS-AMA
Cor,Melânicos Negro Oxidado,Negro Oxidado Amarelo Marfim,Jaspe Simples Diluição,Mosaico Fêmea,MEL-NE-JAS-AMA
Cor,Melânicos Negro Oxidado,Negro Oxidado Vermelho,Jaspe Simples Diluição,Intenso,MEL-NE-JAS-VER
Cor,Melânicos Negro Oxidado,Negro Oxidado Vermelho,Jaspe Simples Diluição,Nevado,MEL-NE-JAS-VER
Cor,Melânicos Negro Oxidado,Negro Oxidado Vermelho,Jaspe Simples Diluição,Mosaico Macho,MEL-NE-JAS-VER
Cor,Melânicos Negro Oxidado,Negro Oxidado Vermelho,Jaspe Simples Diluição,Mosaico Fêmea,MEL-NE-JAS-VER
Cor,Melânicos Negro Oxidado,Negro Oxidado Vermelho Marfim,Jaspe Simples Diluição,Intenso,MEL-NE-JAS-VER
Cor,Melânicos Negro Oxidado,Negro Oxidado Vermelho Marfim,Jaspe Simples Diluição,Nevado,MEL-NE-JAS-VER
Cor,Melânicos Negro Oxidado,Negro Oxidado Vermelho Marfim,Jaspe Simples Diluição,Mosaico Macho,MEL-NE-JAS-VER
Cor,Melânicos Negro Oxidado,Negro Oxidado Vermelho Marfim,Jaspe Simples Diluição,Mosaico Fêmea,MEL-NE-JAS-VER
Cor,Melânicos Negro Oxidado,Verde (Negro Amarelo),Jaspe Dupla Diluição,Intenso,MEL-NE-JAS-VER
Cor,Melânicos Negro Oxidado,Verde (Negro Amarelo),Jaspe Dupla Diluição,Nevado,MEL-NE-JAS-VER
Cor,Melânicos Negro Oxidado,Verde (Negro Amarelo),Jaspe Dupla Diluição,Mosaico Macho,MEL-NE-JAS-VER
Cor,Melânicos Negro Oxidado,Verde (Negro Amarelo),Jaspe Dupla Diluição,Mosaico Fêmea,MEL-NE-JAS-VER
Cor,Melânicos Negro Oxidado,Azul (Negro Branco),Jaspe Dupla Diluição,Não Aplicável (Fundo Branco/Azul),MEL-NE-JAS-AZU
Cor,Melânicos Negro Oxidado,Cobre (Negro Vermelho),Jaspe Dupla Diluição,Intenso,MEL-NE-JAS-COB
Cor,Melânicos Negro Oxidado,Cobre (Negro Vermelho),Jaspe Dupla Diluição,Nevado,MEL-NE-JAS-COB
Cor,Melânicos Negro Oxidado,Cobre (Negro Vermelho),Jaspe Dupla Diluição,Mosaico Macho,MEL-NE-JAS-COB
Cor,Melânicos Negro Oxidado,Cobre (Negro Vermelho),Jaspe Dupla Diluição,Mosaico Fêmea,MEL-NE-JAS-COB
Cor,Melânicos Negro Oxidado,Negro Oxidado Amarelo,Jaspe Dupla Diluição,Intenso,MEL-NE-JAS-AMA
Cor,Melânicos Negro Oxidado,Negro Oxidado Amarelo,Jaspe Dupla Diluição,Nevado,MEL-NE-JAS-AMA
Cor,Melânicos Negro Oxidado,Negro Oxidado Amarelo,Jaspe Dupla Diluição,Mosaico Macho,MEL-NE-JAS-AMA
Cor,Melânicos Negro Oxidado,Negro Oxidado Amarelo,Jaspe Dupla Diluição,Mosaico Fêmea,MEL-NE-JAS-AMA
Cor,Melânicos Negro Oxidado,Negro Oxidado Amarelo Marfim,Jaspe Dupla Diluição,Intenso,MEL-NE-JAS-AMA
Cor,Melânicos Negro Oxidado,Negro Oxidado Amarelo Marfim,Jaspe Dupla Diluição,Nevado,MEL-NE-JAS-AMA
Cor,Melânicos Negro Oxidado,Negro Oxidado Amarelo Marfim,Jaspe Dupla Diluição,Mosaico Macho,MEL-NE-JAS-AMA
Cor,Melânicos Negro Oxidado,Negro Oxidado Amarelo Marfim,Jaspe Dupla Diluição,Mosaico Fêmea,MEL-NE-JAS-AMA
Cor,Melânicos Negro Oxidado,Negro Oxidado Vermelho,Jaspe Dupla Diluição,Intenso,MEL-NE-JAS-VER
Cor,Melânicos Negro Oxidado,Negro Oxidado Vermelho,Jaspe Dupla Diluição,Nevado,MEL-NE-JAS-VER
Cor,Melânicos Negro Oxidado,Negro Oxidado Vermelho,Jaspe Dupla Diluição,Mosaico Macho,MEL-NE-JAS-VER
Cor,Melânicos Negro Oxidado,Negro Oxidado Vermelho,Jaspe Dupla Diluição,Mosaico Fêmea,MEL-NE-JAS-VER
Cor,Melânicos Negro Oxidado,Negro Oxidado Vermelho Marfim,Jaspe Dupla Diluição,Intenso,MEL-NE-JAS-VER
Cor,Melânicos Negro Oxidado,Negro Oxidado Vermelho Marfim,Jaspe Dupla Diluição,Nevado,MEL-NE-JAS-VER
Cor,Melânicos Negro Oxidado,Negro Oxidado Vermelho Marfim,Jaspe Dupla Diluição,Mosaico Macho,MEL-NE-JAS-VER
Cor,Melânicos Negro Oxidado,Negro Oxidado Vermelho Marfim,Jaspe Dupla Diluição,Mosaico Fêmea,MEL-NE-JAS-VER
Cor,Melânicos Negro Oxidado,Verde (Negro Amarelo),Mogno,Intenso,MEL-NE-MOG-VER
Cor,Melânicos Negro Oxidado,Verde (Negro Amarelo),Mogno,Nevado,MEL-NE-MOG-VER
Cor,Melânicos Negro Oxidado,Verde (Negro Amarelo),Mogno,Mosaico Macho,MEL-NE-MOG-VER
Cor,Melânicos Negro Oxidado,Verde (Negro Amarelo),Mogno,Mosaico Fêmea,MEL-NE-MOG-VER
Cor,Melânicos Negro Oxidado,Azul (Negro Branco),Mogno,Não Aplicável (Fundo Branco/Azul),MEL-NE-MOG-AZU
Cor,Melânicos Negro Oxidado,Cobre (Negro Vermelho),Mogno,Intenso,MEL-NE-MOG-COB
Cor,Melânicos Negro Oxidado,Cobre (Negro Vermelho),Mogno,Nevado,MEL-NE-MOG-COB
Cor,Melânicos Negro Oxidado,Cobre (Negro Vermelho),Mogno,Mosaico Macho,MEL-NE-MOG-COB
Cor,Melânicos Negro Oxidado,Cobre (Negro Vermelho),Mogno,Mosaico Fêmea,MEL-NE-MOG-COB
Cor,Melânicos Negro Oxidado,Negro Oxidado Amarelo,Mogno,Intenso,MEL-NE-MOG-AMA
Cor,Melânicos Negro Oxidado,Negro Oxidado Amarelo,Mogno,Nevado,MEL-NE-MOG-AMA
Cor,Melânicos Negro Oxidado,Negro Oxidado Amarelo,Mogno,Mosaico Macho,MEL-NE-MOG-AMA
Cor,Melânicos Negro Oxidado,Negro Oxidado Amarelo,Mogno,Mosaico Fêmea,MEL-NE-MOG-AMA
Cor,Melânicos Negro Oxidado,Negro Oxidado Amarelo Marfim,Mogno,Intenso,MEL-NE-MOG-AMA
Cor,Melânicos Negro Oxidado,Negro Oxidado Amarelo Marfim,Mogno,Nevado,MEL-NE-MOG-AMA
Cor,Melânicos Negro Oxidado,Negro Oxidado Amarelo Marfim,Mogno,Mosaico Macho,MEL-NE-MOG-AMA
Cor,Melânicos Negro Oxidado,Negro Oxidado Amarelo Marfim,Mogno,Mosaico Fêmea,MEL-NE-MOG-AMA
Cor,Melânicos Negro Oxidado,Negro Oxidado Vermelho,Mogno,Intenso,MEL-NE-MOG-VER
Cor,Melânicos Negro Oxidado,Negro Oxidado Vermelho,Mogno,Nevado,MEL-NE-MOG-VER
Cor,Melânicos Negro Oxidado,Negro Oxidado Vermelho,Mogno,Mosaico Macho,MEL-NE-MOG-VER
Cor,Melânicos Negro Oxidado,Negro Oxidado Vermelho,Mogno,Mosaico Fêmea,MEL-NE-MOG-VER
Cor,Melânicos Negro Oxidado,Negro Oxidado Vermelho Marfim,Mogno,Intenso,MEL-NE-MOG-VER
Cor,Melânicos Negro Oxidado,Negro Oxidado Vermelho Marfim,Mogno,Nevado,MEL-NE-MOG-VER
Cor,Melânicos Negro Oxidado,Negro Oxidado Vermelho Marfim,Mogno,Mosaico Macho,MEL-NE-MOG-VER
Cor,Melânicos Negro Oxidado,Negro Oxidado Vermelho Marfim,Mogno,Mosaico Fêmea,MEL-NE-MOG-VER
Cor,Melânicos Negro Oxidado,Verde (Negro Amarelo),Quartzo,Intenso,MEL-NE-QUA-VER
Cor,Melânicos Negro Oxidado,Verde (Negro Amarelo),Quartzo,Nevado,MEL-NE-QUA-VER
Cor,Melânicos Negro Oxidado,Verde (Negro Amarelo),Quartzo,Mosaico Macho,MEL-NE-QUA-VER
Cor,Melânicos Negro Oxidado,Verde (Negro Amarelo),Quartzo,Mosaico Fêmea,MEL-NE-QUA-VER
Cor,Melânicos Negro Oxidado,Azul (Negro Branco),Quartzo,Não Aplicável (Fundo Branco/Azul),MEL-NE-QUA-AZU
Cor,Melânicos Negro Oxidado,Cobre (Negro Vermelho),Quartzo,Intenso,MEL-NE-QUA-COB
Cor,Melânicos Negro Oxidado,Cobre (Negro Vermelho),Quartzo,Nevado,MEL-NE-QUA-COB
Cor,Melânicos Negro Oxidado,Cobre (Negro Vermelho),Quartzo,Mosaico Macho,MEL-NE-QUA-COB
Cor,Melânicos Negro Oxidado,Cobre (Negro Vermelho),Quartzo,Mosaico Fêmea,MEL-NE-QUA-COB
Cor,Melânicos Negro Oxidado,Negro Oxidado Amarelo,Quartzo,Intenso,MEL-NE-QUA-AMA
Cor,Melânicos Negro Oxidado,Negro Oxidado Amarelo,Quartzo,Nevado,MEL-NE-QUA-AMA
Cor,Melânicos Negro Oxidado,Negro Oxidado Amarelo,Quartzo,Mosaico Macho,MEL-NE-QUA-AMA
Cor,Melânicos Negro Oxidado,Negro Oxidado Amarelo,Quartzo,Mosaico Fêmea,MEL-NE-QUA-AMA
Cor,Melânicos Negro Oxidado,Negro Oxidado Amarelo Marfim,Quartzo,Intenso,MEL-NE-QUA-AMA
Cor,Melânicos Negro Oxidado,Negro Oxidado Amarelo Marfim,Quartzo,Nevado,MEL-NE-QUA-AMA
Cor,Melânicos Negro Oxidado,Negro Oxidado Amarelo Marfim,Quartzo,Mosaico Macho,MEL-NE-QUA-AMA
Cor,Melânicos Negro Oxidado,Negro Oxidado Amarelo Marfim,Quartzo,Mosaico Fêmea,MEL-NE-QUA-AMA
Cor,Melânicos Negro Oxidado,Negro Oxidado Vermelho,Quartzo,Intenso,MEL-NE-QUA-VER
Cor,Melânicos Negro Oxidado,Negro Oxidado Vermelho,Quartzo,Nevado,MEL-NE-QUA-VER
Cor,Melânicos Negro Oxidado,Negro Oxidado Vermelho,Quartzo,Mosaico Macho,MEL-NE-QUA-VER
Cor,Melânicos Negro Oxidado,Negro Oxidado Vermelho,Quartzo,Mosaico Fêmea,MEL-NE-QUA-VER
Cor,Melânicos Negro Oxidado,Negro Oxidado Vermelho Marfim,Quartzo,Intenso,MEL-NE-QUA-VER
Cor,Melânicos Negro Oxidado,Negro Oxidado Vermelho Marfim,Quartzo,Nevado,MEL-NE-QUA-VER
Cor,Melânicos Negro Oxidado,Negro Oxidado Vermelho Marfim,Quartzo,Mosaico Macho,MEL-NE-QUA-VER
Cor,Melânicos Negro Oxidado,Negro Oxidado Vermelho Marfim,Quartzo,Mosaico Fêmea,MEL-NE-QUA-VER
Cor,Melânicos Negro Oxidado,Verde (Negro Amarelo),Perla,Intenso,MEL-NE-PER-VER
Cor,Melânicos Negro Oxidado,Verde (Negro Amarelo),Perla,Nevado,MEL-NE-PER-VER
Cor,Melânicos Negro Oxidado,Verde (Negro Amarelo),Perla,Mosaico Macho,MEL-NE-PER-VER
Cor,Melânicos Negro Oxidado,Verde (Negro Amarelo),Perla,Mosaico Fêmea,MEL-NE-PER-VER
Cor,Melânicos Negro Oxidado,Azul (Negro Branco),Perla,Não Aplicável (Fundo Branco/Azul),MEL-NE-PER-AZU
Cor,Melânicos Negro Oxidado,Cobre (Negro Vermelho),Perla,Intenso,MEL-NE-PER-COB
Cor,Melânicos Negro Oxidado,Cobre (Negro Vermelho),Perla,Nevado,MEL-NE-PER-COB
Cor,Melânicos Negro Oxidado,Cobre (Negro Vermelho),Perla,Mosaico Macho,MEL-NE-PER-COB
Cor,Melânicos Negro Oxidado,Cobre (Negro Vermelho),Perla,Mosaico Fêmea,MEL-NE-PER-COB
Cor,Melânicos Negro Oxidado,Negro Oxidado Amarelo,Perla,Intenso,MEL-NE-PER-AMA
Cor,Melânicos Negro Oxidado,Negro Oxidado Amarelo,Perla,Nevado,MEL-NE-PER-AMA
Cor,Melânicos Negro Oxidado,Negro Oxidado Amarelo,Perla,Mosaico Macho,MEL-NE-PER-AMA
Cor,Melânicos Negro Oxidado,Negro Oxidado Amarelo,Perla,Mosaico Fêmea,MEL-NE-PER-AMA
Cor,Melânicos Negro Oxidado,Negro Oxidado Amarelo Marfim,Perla,Intenso,MEL-NE-PER-AMA
Cor,Melânicos Negro Oxidado,Negro Oxidado Amarelo Marfim,Perla,Nevado,MEL-NE-PER-AMA
Cor,Melânicos Negro Oxidado,Negro Oxidado Amarelo Marfim,Perla,Mosaico Macho,MEL-NE-PER-AMA
Cor,Melânicos Negro Oxidado,Negro Oxidado Amarelo Marfim,Perla,Mosaico Fêmea,MEL-NE-PER-AMA
Cor,Melânicos Negro Oxidado,Negro Oxidado Vermelho,Perla,Intenso,MEL-NE-PER-VER
Cor,Melânicos Negro Oxidado,Negro Oxidado Vermelho,Perla,Nevado,MEL-NE-PER-VER
Cor,Melânicos Negro Oxidado,Negro Oxidado Vermelho,Perla,Mosaico Macho,MEL-NE-PER-VER
Cor,Melânicos Negro Oxidado,Negro Oxidado Vermelho,Perla,Mosaico Fêmea,MEL-NE-PER-VER
Cor,Melânicos Negro Oxidado,Negro Oxidado Vermelho Marfim,Perla,Intenso,MEL-NE-PER-VER
Cor,Melânicos Negro Oxidado,Negro Oxidado Vermelho Marfim,Perla,Nevado,MEL-NE-PER-VER
Cor,Melânicos Negro Oxidado,Negro Oxidado Vermelho Marfim,Perla,Mosaico Macho,MEL-NE-PER-VER
Cor,Melânicos Negro Oxidado,Negro Oxidado Vermelho Marfim,Perla,Mosaico Fêmea,MEL-NE-PER-VER
Cor,Melânicos Castanho (Canela),Canela Amarelo,Clássico,Intenso,MEL-CA-CLÁ-VER
Cor,Melânicos Castanho (Canela),Canela Amarelo,Clássico,Nevado,MEL-CA-CLÁ-VER
Cor,Melânicos Castanho (Canela),Canela Amarelo,Clássico,Mosaico Macho,MEL-CA-CLÁ-VER
Cor,Melânicos Castanho (Canela),Canela Amarelo,Clássico,Mosaico Fêmea,MEL-CA-CLÁ-VER
Cor,Melânicos Castanho (Canela),Canela Branco,Clássico,Não Aplicável (Fundo Branco/Azul),MEL-CA-CLÁ-AZU
Cor,Melânicos Castanho (Canela),Canela Vermelho,Clássico,Intenso,MEL-CA-CLÁ-COB
Cor,Melânicos Castanho (Canela),Canela Vermelho,Clássico,Nevado,MEL-CA-CLÁ-COB
Cor,Melânicos Castanho (Canela),Canela Vermelho,Clássico,Mosaico Macho,MEL-CA-CLÁ-COB
Cor,Melânicos Castanho (Canela),Canela Vermelho,Clássico,Mosaico Fêmea,MEL-CA-CLÁ-COB
Cor,Melânicos Castanho (Canela),Castanho (Canela) Amarelo,Clássico,Intenso,MEL-CA-CLÁ-AMA
Cor,Melânicos Castanho (Canela),Castanho (Canela) Amarelo,Clássico,Nevado,MEL-CA-CLÁ-AMA
Cor,Melânicos Castanho (Canela),Castanho (Canela) Amarelo,Clássico,Mosaico Macho,MEL-CA-CLÁ-AMA
Cor,Melânicos Castanho (Canela),Castanho (Canela) Amarelo,Clássico,Mosaico Fêmea,MEL-CA-CLÁ-AMA
Cor,Melânicos Castanho (Canela),Castanho (Canela) Amarelo Marfim,Clássico,Intenso,MEL-CA-CLÁ-AMA
Cor,Melânicos Castanho (Canela),Castanho (Canela) Amarelo Marfim,Clássico,Nevado,MEL-CA-CLÁ-AMA
Cor,Melânicos Castanho (Canela),Castanho (Canela) Amarelo Marfim,Clássico,Mosaico Macho,MEL-CA-CLÁ-AMA
Cor,Melânicos Castanho (Canela),Castanho (Canela) Amarelo Marfim,Clássico,Mosaico Fêmea,MEL-CA-CLÁ-AMA
Cor,Melânicos Castanho (Canela),Castanho (Canela) Vermelho,Clássico,Intenso,MEL-CA-CLÁ-VER
Cor,Melânicos Castanho (Canela),Castanho (Canela) Vermelho,Clássico,Nevado,MEL-CA-CLÁ-VER
Cor,Melânicos Castanho (Canela),Castanho (Canela) Vermelho,Clássico,Mosaico Macho,MEL-CA-CLÁ-VER
Cor,Melânicos Castanho (Canela),Castanho (Canela) Vermelho,Clássico,Mosaico Fêmea,MEL-CA-CLÁ-VER
Cor,Melânicos Castanho (Canela),Castanho (Canela) Vermelho Marfim,Clássico,Intenso,MEL-CA-CLÁ-VER
Cor,Melânicos Castanho (Canela),Castanho (Canela) Vermelho Marfim,Clássico,Nevado,MEL-CA-CLÁ-VER
Cor,Melânicos Castanho (Canela),Castanho (Canela) Vermelho Marfim,Clássico,Mosaico Macho,MEL-CA-CLÁ-VER
Cor,Melânicos Castanho (Canela),Castanho (Canela) Vermelho Marfim,Clássico,Mosaico Fêmea,MEL-CA-CLÁ-VER
Cor,Melânicos Castanho (Canela),Canela Amarelo,Pastel,Intenso,MEL-CA-PAS-VER
Cor,Melânicos Castanho (Canela),Canela Amarelo,Pastel,Nevado,MEL-CA-PAS-VER
Cor,Melânicos Castanho (Canela),Canela Amarelo,Pastel,Mosaico Macho,MEL-CA-PAS-VER
Cor,Melânicos Castanho (Canela),Canela Amarelo,Pastel,Mosaico Fêmea,MEL-CA-PAS-VER
Cor,Melânicos Castanho (Canela),Canela Branco,Pastel,Não Aplicável (Fundo Branco/Azul),MEL-CA-PAS-AZU
Cor,Melânicos Castanho (Canela),Canela Vermelho,Pastel,Intenso,MEL-CA-PAS-COB
Cor,Melânicos Castanho (Canela),Canela Vermelho,Pastel,Nevado,MEL-CA-PAS-COB
Cor,Melânicos Castanho (Canela),Canela Vermelho,Pastel,Mosaico Macho,MEL-CA-PAS-COB
Cor,Melânicos Castanho (Canela),Canela Vermelho,Pastel,Mosaico Fêmea,MEL-CA-PAS-COB
Cor,Melânicos Castanho (Canela),Castanho (Canela) Amarelo,Pastel,Intenso,MEL-CA-PAS-AMA
Cor,Melânicos Castanho (Canela),Castanho (Canela) Amarelo,Pastel,Nevado,MEL-CA-PAS-AMA
Cor,Melânicos Castanho (Canela),Castanho (Canela) Amarelo,Pastel,Mosaico Macho,MEL-CA-PAS-AMA
Cor,Melânicos Castanho (Canela),Castanho (Canela) Amarelo,Pastel,Mosaico Fêmea,MEL-CA-PAS-AMA
Cor,Melânicos Castanho (Canela),Castanho (Canela) Amarelo Marfim,Pastel,Intenso,MEL-CA-PAS-AMA
Cor,Melânicos Castanho (Canela),Castanho (Canela) Amarelo Marfim,Pastel,Nevado,MEL-CA-PAS-AMA
Cor,Melânicos Castanho (Canela),Castanho (Canela) Amarelo Marfim,Pastel,Mosaico Macho,MEL-CA-PAS-AMA
Cor,Melânicos Castanho (Canela),Castanho (Canela) Amarelo Marfim,Pastel,Mosaico Fêmea,MEL-CA-PAS-AMA
Cor,Melânicos Castanho (Canela),Castanho (Canela) Vermelho,Pastel,Intenso,MEL-CA-PAS-VER
Cor,Melânicos Castanho (Canela),Castanho (Canela) Vermelho,Pastel,Nevado,MEL-CA-PAS-VER
Cor,Melânicos Castanho (Canela),Castanho (Canela) Vermelho,Pastel,Mosaico Macho,MEL-CA-PAS-VER
Cor,Melânicos Castanho (Canela),Castanho (Canela) Vermelho,Pastel,Mosaico Fêmea,MEL-CA-PAS-VER
Cor,Melânicos Castanho (Canela),Castanho (Canela) Vermelho Marfim,Pastel,Intenso,MEL-CA-PAS-VER
Cor,Melânicos Castanho (Canela),Castanho (Canela) Vermelho Marfim,Pastel,Nevado,MEL-CA-PAS-VER
Cor,Melânicos Castanho (Canela),Castanho (Canela) Vermelho Marfim,Pastel,Mosaico Macho,MEL-CA-PAS-VER
Cor,Melânicos Castanho (Canela),Castanho (Canela) Vermelho Marfim,Pastel,Mosaico Fêmea,MEL-CA-PAS-VER
Cor,Melânicos Castanho (Canela),Canela Amarelo,Opala,Intenso,MEL-CA-OPA-VER
Cor,Melânicos Castanho (Canela),Canela Amarelo,Opala,Nevado,MEL-CA-OPA-VER
Cor,Melânicos Castanho (Canela),Canela Amarelo,Opala,Mosaico Macho,MEL-CA-OPA-VER
Cor,Melânicos Castanho (Canela),Canela Amarelo,Opala,Mosaico Fêmea,MEL-CA-OPA-VER
Cor,Melânicos Castanho (Canela),Canela Branco,Opala,Não Aplicável (Fundo Branco/Azul),MEL-CA-OPA-AZU
Cor,Melânicos Castanho (Canela),Canela Vermelho,Opala,Intenso,MEL-CA-OPA-COB
Cor,Melânicos Castanho (Canela),Canela Vermelho,Opala,Nevado,MEL-CA-OPA-COB
Cor,Melânicos Castanho (Canela),Canela Vermelho,Opala,Mosaico Macho,MEL-CA-OPA-COB
Cor,Melânicos Castanho (Canela),Canela Vermelho,Opala,Mosaico Fêmea,MEL-CA-OPA-COB
Cor,Melânicos Castanho (Canela),Castanho (Canela) Amarelo,Opala,Intenso,MEL-CA-OPA-AMA
Cor,Melânicos Castanho (Canela),Castanho (Canela) Amarelo,Opala,Nevado,MEL-CA-OPA-AMA
Cor,Melânicos Castanho (Canela),Castanho (Canela) Amarelo,Opala,Mosaico Macho,MEL-CA-OPA-AMA
Cor,Melânicos Castanho (Canela),Castanho (Canela) Amarelo,Opala,Mosaico Fêmea,MEL-CA-OPA-AMA
Cor,Melânicos Castanho (Canela),Castanho (Canela) Amarelo Marfim,Opala,Intenso,MEL-CA-OPA-AMA
Cor,Melânicos Castanho (Canela),Castanho (Canela) Amarelo Marfim,Opala,Nevado,MEL-CA-OPA-AMA
Cor,Melânicos Castanho (Canela),Castanho (Canela) Amarelo Marfim,Opala,Mosaico Macho,MEL-CA-OPA-AMA
Cor,Melânicos Castanho (Canela),Castanho (Canela) Amarelo Marfim,Opala,Mosaico Fêmea,MEL-CA-OPA-AMA
Cor,Melânicos Castanho (Canela),Castanho (Canela) Vermelho,Opala,Intenso,MEL-CA-OPA-VER
Cor,Melânicos Castanho (Canela),Castanho (Canela) Vermelho,Opala,Nevado,MEL-CA-OPA-VER
Cor,Melânicos Castanho (Canela),Castanho (Canela) Vermelho,Opala,Mosaico Macho,MEL-CA-OPA-VER
Cor,Melânicos Castanho (Canela),Castanho (Canela) Vermelho,Opala,Mosaico Fêmea,MEL-CA-OPA-VER
Cor,Melânicos Castanho (Canela),Castanho (Canela) Vermelho Marfim,Opala,Intenso,MEL-CA-OPA-VER
Cor,Melânicos Castanho (Canela),Castanho (Canela) Vermelho Marfim,Opala,Nevado,MEL-CA-OPA-VER
Cor,Melânicos Castanho (Canela),Castanho (Canela) Vermelho Marfim,Opala,Mosaico Macho,MEL-CA-OPA-VER
Cor,Melânicos Castanho (Canela),Castanho (Canela) Vermelho Marfim,Opala,Mosaico Fêmea,MEL-CA-OPA-VER
Cor,Melânicos Castanho (Canela),Canela Amarelo,Ino,Intenso,MEL-CA-INO-VER
Cor,Melânicos Castanho (Canela),Canela Amarelo,Ino,Nevado,MEL-CA-INO-VER
Cor,Melânicos Castanho (Canela),Canela Amarelo,Ino,Mosaico Macho,MEL-CA-INO-VER
Cor,Melânicos Castanho (Canela),Canela Amarelo,Ino,Mosaico Fêmea,MEL-CA-INO-VER
Cor,Melânicos Castanho (Canela),Canela Branco,Ino,Não Aplicável (Fundo Branco/Azul),MEL-CA-INO-AZU
Cor,Melânicos Castanho (Canela),Canela Vermelho,Ino,Intenso,MEL-CA-INO-COB
Cor,Melânicos Castanho (Canela),Canela Vermelho,Ino,Nevado,MEL-CA-INO-COB
Cor,Melânicos Castanho (Canela),Canela Vermelho,Ino,Mosaico Macho,MEL-CA-INO-COB
Cor,Melânicos Castanho (Canela),Canela Vermelho,Ino,Mosaico Fêmea,MEL-CA-INO-COB
Cor,Melânicos Castanho (Canela),Castanho (Canela) Amarelo,Ino,Intenso,MEL-CA-INO-AMA
Cor,Melânicos Castanho (Canela),Castanho (Canela) Amarelo,Ino,Nevado,MEL-CA-INO-AMA
Cor,Melânicos Castanho (Canela),Castanho (Canela) Amarelo,Ino,Mosaico Macho,MEL-CA-INO-AMA
Cor,Melânicos Castanho (Canela),Castanho (Canela) Amarelo,Ino,Mosaico Fêmea,MEL-CA-INO-AMA
Cor,Melânicos Castanho (Canela),Castanho (Canela) Amarelo Marfim,Ino,Intenso,MEL-CA-INO-AMA
Cor,Melânicos Castanho (Canela),Castanho (Canela) Amarelo Marfim,Ino,Nevado,MEL-CA-INO-AMA
Cor,Melânicos Castanho (Canela),Castanho (Canela) Amarelo Marfim,Ino,Mosaico Macho,MEL-CA-INO-AMA
Cor,Melânicos Castanho (Canela),Castanho (Canela) Amarelo Marfim,Ino,Mosaico Fêmea,MEL-CA-INO-AMA
Cor,Melânicos Castanho (Canela),Castanho (Canela) Vermelho,Ino,Intenso,MEL-CA-INO-VER
Cor,Melânicos Castanho (Canela),Castanho (Canela) Vermelho,Ino,Nevado,MEL-CA-INO-VER
Cor,Melânicos Castanho (Canela),Castanho (Canela) Vermelho,Ino,Mosaico Macho,MEL-CA-INO-VER
Cor,Melânicos Castanho (Canela),Castanho (Canela) Vermelho,Ino,Mosaico Fêmea,MEL-CA-INO-VER
Cor,Melânicos Castanho (Canela),Castanho (Canela) Vermelho Marfim,Ino,Intenso,MEL-CA-INO-VER
Cor,Melânicos Castanho (Canela),Castanho (Canela) Vermelho Marfim,Ino,Nevado,MEL-CA-INO-VER
Cor,Melânicos Castanho (Canela),Castanho (Canela) Vermelho Marfim,Ino,Mosaico Macho,MEL-CA-INO-VER
Cor,Melânicos Castanho (Canela),Castanho (Canela) Vermelho Marfim,Ino,Mosaico Fêmea,MEL-CA-INO-VER
Cor,Melânicos Castanho (Canela),Canela Amarelo,Topázio,Intenso,MEL-CA-TOP-VER
Cor,Melânicos Castanho (Canela),Canela Amarelo,Topázio,Nevado,MEL-CA-TOP-VER
Cor,Melânicos Castanho (Canela),Canela Amarelo,Topázio,Mosaico Macho,MEL-CA-TOP-VER
Cor,Melânicos Castanho (Canela),Canela Amarelo,Topázio,Mosaico Fêmea,MEL-CA-TOP-VER
Cor,Melânicos Castanho (Canela),Canela Branco,Topázio,Não Aplicável (Fundo Branco/Azul),MEL-CA-TOP-AZU
Cor,Melânicos Castanho (Canela),Canela Vermelho,Topázio,Intenso,MEL-CA-TOP-COB
Cor,Melânicos Castanho (Canela),Canela Vermelho,Topázio,Nevado,MEL-CA-TOP-COB
Cor,Melânicos Castanho (Canela),Canela Vermelho,Topázio,Mosaico Macho,MEL-CA-TOP-COB
Cor,Melânicos Castanho (Canela),Canela Vermelho,Topázio,Mosaico Fêmea,MEL-CA-TOP-COB
Cor,Melânicos Castanho (Canela),Castanho (Canela) Amarelo,Topázio,Intenso,MEL-CA-TOP-AMA
Cor,Melânicos Castanho (Canela),Castanho (Canela) Amarelo,Topázio,Nevado,MEL-CA-TOP-AMA
Cor,Melânicos Castanho (Canela),Castanho (Canela) Amarelo,Topázio,Mosaico Macho,MEL-CA-TOP-AMA
Cor,Melânicos Castanho (Canela),Castanho (Canela) Amarelo,Topázio,Mosaico Fêmea,MEL-CA-TOP-AMA
Cor,Melânicos Castanho (Canela),Castanho (Canela) Amarelo Marfim,Topázio,Intenso,MEL-CA-TOP-AMA
Cor,Melânicos Castanho (Canela),Castanho (Canela) Amarelo Marfim,Topázio,Nevado,MEL-CA-TOP-AMA
Cor,Melânicos Castanho (Canela),Castanho (Canela) Amarelo Marfim,Topázio,Mosaico Macho,MEL-CA-TOP-AMA
Cor,Melânicos Castanho (Canela),Castanho (Canela) Amarelo Marfim,Topázio,Mosaico Fêmea,MEL-CA-TOP-AMA
Cor,Melânicos Castanho (Canela),Castanho (Canela) Vermelho,Topázio,Intenso,MEL-CA-TOP-VER
Cor,Melânicos Castanho (Canela),Castanho (Canela) Vermelho,Topázio,Nevado,MEL-CA-TOP-VER
Cor,Melânicos Castanho (Canela),Castanho (Canela) Vermelho,Topázio,Mosaico Macho,MEL-CA-TOP-VER
Cor,Melânicos Castanho (Canela),Castanho (Canela) Vermelho,Topázio,Mosaico Fêmea,MEL-CA-TOP-VER
Cor,Melânicos Castanho (Canela),Castanho (Canela) Vermelho Marfim,Topázio,Intenso,MEL-CA-TOP-VER
Cor,Melânicos Castanho (Canela),Castanho (Canela) Vermelho Marfim,Topázio,Nevado,MEL-CA-TOP-VER
Cor,Melânicos Castanho (Canela),Castanho (Canela) Vermelho Marfim,Topázio,Mosaico Macho,MEL-CA-TOP-VER
Cor,Melânicos Castanho (Canela),Castanho (Canela) Vermelho Marfim,Topázio,Mosaico Fêmea,MEL-CA-TOP-VER
Cor,Melânicos Castanho (Canela),Canela Amarelo,Eumo,Intenso,MEL-CA-EUM-VER
Cor,Melânicos Castanho (Canela),Canela Amarelo,Eumo,Nevado,MEL-CA-EUM-VER
Cor,Melânicos Castanho (Canela),Canela Amarelo,Eumo,Mosaico Macho,MEL-CA-EUM-VER
Cor,Melânicos Castanho (Canela),Canela Amarelo,Eumo,Mosaico Fêmea,MEL-CA-EUM-VER
Cor,Melânicos Castanho (Canela),Canela Branco,Eumo,Não Aplicável (Fundo Branco/Azul),MEL-CA-EUM-AZU
Cor,Melânicos Castanho (Canela),Canela Vermelho,Eumo,Intenso,MEL-CA-EUM-COB
Cor,Melânicos Castanho (Canela),Canela Vermelho,Eumo,Nevado,MEL-CA-EUM-COB
Cor,Melânicos Castanho (Canela),Canela Vermelho,Eumo,Mosaico Macho,MEL-CA-EUM-COB
Cor,Melânicos Castanho (Canela),Canela Vermelho,Eumo,Mosaico Fêmea,MEL-CA-EUM-COB
Cor,Melânicos Castanho (Canela),Castanho (Canela) Amarelo,Eumo,Intenso,MEL-CA-EUM-AMA
Cor,Melânicos Castanho (Canela),Castanho (Canela) Amarelo,Eumo,Nevado,MEL-CA-EUM-AMA
Cor,Melânicos Castanho (Canela),Castanho (Canela) Amarelo,Eumo,Mosaico Macho,MEL-CA-EUM-AMA
Cor,Melânicos Castanho (Canela),Castanho (Canela) Amarelo,Eumo,Mosaico Fêmea,MEL-CA-EUM-AMA
Cor,Melânicos Castanho (Canela),Castanho (Canela) Amarelo Marfim,Eumo,Intenso,MEL-CA-EUM-AMA
Cor,Melânicos Castanho (Canela),Castanho (Canela) Amarelo Marfim,Eumo,Nevado,MEL-CA-EUM-AMA
Cor,Melânicos Castanho (Canela),Castanho (Canela) Amarelo Marfim,Eumo,Mosaico Macho,MEL-CA-EUM-AMA
Cor,Melânicos Castanho (Canela),Castanho (Canela) Amarelo Marfim,Eumo,Mosaico Fêmea,MEL-CA-EUM-AMA
Cor,Melânicos Castanho (Canela),Castanho (Canela) Vermelho,Eumo,Intenso,MEL-CA-EUM-VER
Cor,Melânicos Castanho (Canela),Castanho (Canela) Vermelho,Eumo,Nevado,MEL-CA-EUM-VER
Cor,Melânicos Castanho (Canela),Castanho (Canela) Vermelho,Eumo,Mosaico Macho,MEL-CA-EUM-VER
Cor,Melânicos Castanho (Canela),Castanho (Canela) Vermelho,Eumo,Mosaico Fêmea,MEL-CA-EUM-VER
Cor,Melânicos Castanho (Canela),Castanho (Canela) Vermelho Marfim,Eumo,Intenso,MEL-CA-EUM-VER
Cor,Melânicos Castanho (Canela),Castanho (Canela) Vermelho Marfim,Eumo,Nevado,MEL-CA-EUM-VER
Cor,Melânicos Castanho (Canela),Castanho (Canela) Vermelho Marfim,Eumo,Mosaico Macho,MEL-CA-EUM-VER
Cor,Melânicos Castanho (Canela),Castanho (Canela) Vermelho Marfim,Eumo,Mosaico Fêmea,MEL-CA-EUM-VER
Cor,Melânicos Castanho (Canela),Canela Amarelo,Onix,Intenso,MEL-CA-ONI-VER
Cor,Melânicos Castanho (Canela),Canela Amarelo,Onix,Nevado,MEL-CA-ONI-VER
Cor,Melânicos Castanho (Canela),Canela Amarelo,Onix,Mosaico Macho,MEL-CA-ONI-VER
Cor,Melânicos Castanho (Canela),Canela Amarelo,Onix,Mosaico Fêmea,MEL-CA-ONI-VER
Cor,Melânicos Castanho (Canela),Canela Branco,Onix,Não Aplicável (Fundo Branco/Azul),MEL-CA-ONI-AZU
Cor,Melânicos Castanho (Canela),Canela Vermelho,Onix,Intenso,MEL-CA-ONI-COB
Cor,Melânicos Castanho (Canela),Canela Vermelho,Onix,Nevado,MEL-CA-ONI-COB
Cor,Melânicos Castanho (Canela),Canela Vermelho,Onix,Mosaico Macho,MEL-CA-ONI-COB
Cor,Melânicos Castanho (Canela),Canela Vermelho,Onix,Mosaico Fêmea,MEL-CA-ONI-COB
Cor,Melânicos Castanho (Canela),Castanho (Canela) Amarelo,Onix,Intenso,MEL-CA-ONI-AMA
Cor,Melânicos Castanho (Canela),Castanho (Canela) Amarelo,Onix,Nevado,MEL-CA-ONI-AMA
Cor,Melânicos Castanho (Canela),Castanho (Canela) Amarelo,Onix,Mosaico Macho,MEL-CA-ONI-AMA
Cor,Melânicos Castanho (Canela),Castanho (Canela) Amarelo,Onix,Mosaico Fêmea,MEL-CA-ONI-AMA
Cor,Melânicos Castanho (Canela),Castanho (Canela) Amarelo Marfim,Onix,Intenso,MEL-CA-ONI-AMA
Cor,Melânicos Castanho (Canela),Castanho (Canela) Amarelo Marfim,Onix,Nevado,MEL-CA-ONI-AMA
Cor,Melânicos Castanho (Canela),Castanho (Canela) Amarelo Marfim,Onix,Mosaico Macho,MEL-CA-ONI-AMA
Cor,Melânicos Castanho (Canela),Castanho (Canela) Amarelo Marfim,Onix,Mosaico Fêmea,MEL-CA-ONI-AMA
Cor,Melânicos Castanho (Canela),Castanho (Canela) Vermelho,Onix,Intenso,MEL-CA-ONI-VER
Cor,Melânicos Castanho (Canela),Castanho (Canela) Vermelho,Onix,Nevado,MEL-CA-ONI-VER
Cor,Melânicos Castanho (Canela),Castanho (Canela) Vermelho,Onix,Mosaico Macho,MEL-CA-ONI-VER
Cor,Melânicos Castanho (Canela),Castanho (Canela) Vermelho,Onix,Mosaico Fêmea,MEL-CA-ONI-VER
Cor,Melânicos Castanho (Canela),Castanho (Canela) Vermelho Marfim,Onix,Intenso,MEL-CA-ONI-VER
Cor,Melânicos Castanho (Canela),Castanho (Canela) Vermelho Marfim,Onix,Nevado,MEL-CA-ONI-VER
Cor,Melânicos Castanho (Canela),Castanho (Canela) Vermelho Marfim,Onix,Mosaico Macho,MEL-CA-ONI-VER
Cor,Melânicos Castanho (Canela),Castanho (Canela) Vermelho Marfim,Onix,Mosaico Fêmea,MEL-CA-ONI-VER
Cor,Melânicos Castanho (Canela),Canela Amarelo,Cobalto,Intenso,MEL-CA-COB-VER
Cor,Melânicos Castanho (Canela),Canela Amarelo,Cobalto,Nevado,MEL-CA-COB-VER
Cor,Melânicos Castanho (Canela),Canela Amarelo,Cobalto,Mosaico Macho,MEL-CA-COB-VER
Cor,Melânicos Castanho (Canela),Canela Amarelo,Cobalto,Mosaico Fêmea,MEL-CA-COB-VER
Cor,Melânicos Castanho (Canela),Canela Branco,Cobalto,Não Aplicável (Fundo Branco/Azul),MEL-CA-COB-AZU
Cor,Melânicos Castanho (Canela),Canela Vermelho,Cobalto,Intenso,MEL-CA-COB-COB
Cor,Melânicos Castanho (Canela),Canela Vermelho,Cobalto,Nevado,MEL-CA-COB-COB
Cor,Melânicos Castanho (Canela),Canela Vermelho,Cobalto,Mosaico Macho,MEL-CA-COB-COB
Cor,Melânicos Castanho (Canela),Canela Vermelho,Cobalto,Mosaico Fêmea,MEL-CA-COB-COB
Cor,Melânicos Castanho (Canela),Castanho (Canela) Amarelo,Cobalto,Intenso,MEL-CA-COB-AMA
Cor,Melânicos Castanho (Canela),Castanho (Canela) Amarelo,Cobalto,Nevado,MEL-CA-COB-AMA
Cor,Melânicos Castanho (Canela),Castanho (Canela) Amarelo,Cobalto,Mosaico Macho,MEL-CA-COB-AMA
Cor,Melânicos Castanho (Canela),Castanho (Canela) Amarelo,Cobalto,Mosaico Fêmea,MEL-CA-COB-AMA
Cor,Melânicos Castanho (Canela),Castanho (Canela) Amarelo Marfim,Cobalto,Intenso,MEL-CA-COB-AMA
Cor,Melânicos Castanho (Canela),Castanho (Canela) Amarelo Marfim,Cobalto,Nevado,MEL-CA-COB-AMA
Cor,Melânicos Castanho (Canela),Castanho (Canela) Amarelo Marfim,Cobalto,Mosaico Macho,MEL-CA-COB-AMA
Cor,Melânicos Castanho (Canela),Castanho (Canela) Amarelo Marfim,Cobalto,Mosaico Fêmea,MEL-CA-COB-AMA
Cor,Melânicos Castanho (Canela),Castanho (Canela) Vermelho,Cobalto,Intenso,MEL-CA-COB-VER
Cor,Melânicos Castanho (Canela),Castanho (Canela) Vermelho,Cobalto,Nevado,MEL-CA-COB-VER
Cor,Melânicos Castanho (Canela),Castanho (Canela) Vermelho,Cobalto,Mosaico Macho,MEL-CA-COB-VER
Cor,Melânicos Castanho (Canela),Castanho (Canela) Vermelho,Cobalto,Mosaico Fêmea,MEL-CA-COB-VER
Cor,Melânicos Castanho (Canela),Castanho (Canela) Vermelho Marfim,Cobalto,Intenso,MEL-CA-COB-VER
Cor,Melânicos Castanho (Canela),Castanho (Canela) Vermelho Marfim,Cobalto,Nevado,MEL-CA-COB-VER
Cor,Melânicos Castanho (Canela),Castanho (Canela) Vermelho Marfim,Cobalto,Mosaico Macho,MEL-CA-COB-VER
Cor,Melânicos Castanho (Canela),Castanho (Canela) Vermelho Marfim,Cobalto,Mosaico Fêmea,MEL-CA-COB-VER
Cor,Melânicos Castanho (Canela),Canela Amarelo,Jaspe Simples Diluição,Intenso,MEL-CA-JAS-VER
Cor,Melânicos Castanho (Canela),Canela Amarelo,Jaspe Simples Diluição,Nevado,MEL-CA-JAS-VER
Cor,Melânicos Castanho (Canela),Canela Amarelo,Jaspe Simples Diluição,Mosaico Macho,MEL-CA-JAS-VER
Cor,Melânicos Castanho (Canela),Canela Amarelo,Jaspe Simples Diluição,Mosaico Fêmea,MEL-CA-JAS-VER
Cor,Melânicos Castanho (Canela),Canela Branco,Jaspe Simples Diluição,Não Aplicável (Fundo Branco/Azul),MEL-CA-JAS-AZU
Cor,Melânicos Castanho (Canela),Canela Vermelho,Jaspe Simples Diluição,Intenso,MEL-CA-JAS-COB
Cor,Melânicos Castanho (Canela),Canela Vermelho,Jaspe Simples Diluição,Nevado,MEL-CA-JAS-COB
Cor,Melânicos Castanho (Canela),Canela Vermelho,Jaspe Simples Diluição,Mosaico Macho,MEL-CA-JAS-COB
Cor,Melânicos Castanho (Canela),Canela Vermelho,Jaspe Simples Diluição,Mosaico Fêmea,MEL-CA-JAS-COB
Cor,Melânicos Castanho (Canela),Castanho (Canela) Amarelo,Jaspe Simples Diluição,Intenso,MEL-CA-JAS-AMA
Cor,Melânicos Castanho (Canela),Castanho (Canela) Amarelo,Jaspe Simples Diluição,Nevado,MEL-CA-JAS-AMA
Cor,Melânicos Castanho (Canela),Castanho (Canela) Amarelo,Jaspe Simples Diluição,Mosaico Macho,MEL-CA-JAS-AMA
Cor,Melânicos Castanho (Canela),Castanho (Canela) Amarelo,Jaspe Simples Diluição,Mosaico Fêmea,MEL-CA-JAS-AMA
Cor,Melânicos Castanho (Canela),Castanho (Canela) Amarelo Marfim,Jaspe Simples Diluição,Intenso,MEL-CA-JAS-AMA
Cor,Melânicos Castanho (Canela),Castanho (Canela) Amarelo Marfim,Jaspe Simples Diluição,Nevado,MEL-CA-JAS-AMA
Cor,Melânicos Castanho (Canela),Castanho (Canela) Amarelo Marfim,Jaspe Simples Diluição,Mosaico Macho,MEL-CA-JAS-AMA
Cor,Melânicos Castanho (Canela),Castanho (Canela) Amarelo Marfim,Jaspe Simples Diluição,Mosaico Fêmea,MEL-CA-JAS-AMA
Cor,Melânicos Castanho (Canela),Castanho (Canela) Vermelho,Jaspe Simples Diluição,Intenso,MEL-CA-JAS-VER
Cor,Melânicos Castanho (Canela),Castanho (Canela) Vermelho,Jaspe Simples Diluição,Nevado,MEL-CA-JAS-VER
Cor,Melânicos Castanho (Canela),Castanho (Canela) Vermelho,Jaspe Simples Diluição,Mosaico Macho,MEL-CA-JAS-VER
Cor,Melânicos Castanho (Canela),Castanho (Canela) Vermelho,Jaspe Simples Diluição,Mosaico Fêmea,MEL-CA-JAS-VER
Cor,Melânicos Castanho (Canela),Castanho (Canela) Vermelho Marfim,Jaspe Simples Diluição,Intenso,MEL-CA-JAS-VER
Cor,Melânicos Castanho (Canela),Castanho (Canela) Vermelho Marfim,Jaspe Simples Diluição,Nevado,MEL-CA-JAS-VER
Cor,Melânicos Castanho (Canela),Castanho (Canela) Vermelho Marfim,Jaspe Simples Diluição,Mosaico Macho,MEL-CA-JAS-VER
Cor,Melânicos Castanho (Canela),Castanho (Canela) Vermelho Marfim,Jaspe Simples Diluição,Mosaico Fêmea,MEL-CA-JAS-VER
Cor,Melânicos Castanho (Canela),Canela Amarelo,Jaspe Dupla Diluição,Intenso,MEL-CA-JAS-VER
Cor,Melânicos Castanho (Canela),Canela Amarelo,Jaspe Dupla Diluição,Nevado,MEL-CA-JAS-VER
Cor,Melânicos Castanho (Canela),Canela Amarelo,Jaspe Dupla Diluição,Mosaico Macho,MEL-CA-JAS-VER
Cor,Melânicos Castanho (Canela),Canela Amarelo,Jaspe Dupla Diluição,Mosaico Fêmea,MEL-CA-JAS-VER
Cor,Melânicos Castanho (Canela),Canela Branco,Jaspe Dupla Diluição,Não Aplicável (Fundo Branco/Azul),MEL-CA-JAS-AZU
Cor,Melânicos Castanho (Canela),Canela Vermelho,Jaspe Dupla Diluição,Intenso,MEL-CA-JAS-COB
Cor,Melânicos Castanho (Canela),Canela Vermelho,Jaspe Dupla Diluição,Nevado,MEL-CA-JAS-COB
Cor,Melânicos Castanho (Canela),Canela Vermelho,Jaspe Dupla Diluição,Mosaico Macho,MEL-CA-JAS-COB
Cor,Melânicos Castanho (Canela),Canela Vermelho,Jaspe Dupla Diluição,Mosaico Fêmea,MEL-CA-JAS-COB
Cor,Melânicos Castanho (Canela),Castanho (Canela) Amarelo,Jaspe Dupla Diluição,Intenso,MEL-CA-JAS-AMA
Cor,Melânicos Castanho (Canela),Castanho (Canela) Amarelo,Jaspe Dupla Diluição,Nevado,MEL-CA-JAS-AMA
Cor,Melânicos Castanho (Canela),Castanho (Canela) Amarelo,Jaspe Dupla Diluição,Mosaico Macho,MEL-CA-JAS-AMA
Cor,Melânicos Castanho (Canela),Castanho (Canela) Amarelo,Jaspe Dupla Diluição,Mosaico Fêmea,MEL-CA-JAS-AMA
Cor,Melânicos Castanho (Canela),Castanho (Canela) Amarelo Marfim,Jaspe Dupla Diluição,Intenso,MEL-CA-JAS-AMA
Cor,Melânicos Castanho (Canela),Castanho (Canela) Amarelo Marfim,Jaspe Dupla Diluição,Nevado,MEL-CA-JAS-AMA
Cor,Melânicos Castanho (Canela),Castanho (Canela) Amarelo Marfim,Jaspe Dupla Diluição,Mosaico Macho,MEL-CA-JAS-AMA
Cor,Melânicos Castanho (Canela),Castanho (Canela) Amarelo Marfim,Jaspe Dupla Diluição,Mosaico Fêmea,MEL-CA-JAS-AMA
Cor,Melânicos Castanho (Canela),Castanho (Canela) Vermelho,Jaspe Dupla Diluição,Intenso,MEL-CA-JAS-VER
Cor,Melânicos Castanho (Canela),Castanho (Canela) Vermelho,Jaspe Dupla Diluição,Nevado,MEL-CA-JAS-VER
Cor,Melânicos Castanho (Canela),Castanho (Canela) Vermelho,Jaspe Dupla Diluição,Mosaico Macho,MEL-CA-JAS-VER
Cor,Melânicos Castanho (Canela),Castanho (Canela) Vermelho,Jaspe Dupla Diluição,Mosaico Fêmea,MEL-CA-JAS-VER
Cor,Melânicos Castanho (Canela),Castanho (Canela) Vermelho Marfim,Jaspe Dupla Diluição,Intenso,MEL-CA-JAS-VER
Cor,Melânicos Castanho (Canela),Castanho (Canela) Vermelho Marfim,Jaspe Dupla Diluição,Nevado,MEL-CA-JAS-VER
Cor,Melânicos Castanho (Canela),Castanho (Canela) Vermelho Marfim,Jaspe Dupla Diluição,Mosaico Macho,MEL-CA-JAS-VER
Cor,Melânicos Castanho (Canela),Castanho (Canela) Vermelho Marfim,Jaspe Dupla Diluição,Mosaico Fêmea,MEL-CA-JAS-VER
Cor,Melânicos Castanho (Canela),Canela Amarelo,Mogno,Intenso,MEL-CA-MOG-VER
Cor,Melânicos Castanho (Canela),Canela Amarelo,Mogno,Nevado,MEL-CA-MOG-VER
Cor,Melânicos Castanho (Canela),Canela Amarelo,Mogno,Mosaico Macho,MEL-CA-MOG-VER
Cor,Melânicos Castanho (Canela),Canela Amarelo,Mogno,Mosaico Fêmea,MEL-CA-MOG-VER
Cor,Melânicos Castanho (Canela),Canela Branco,Mogno,Não Aplicável (Fundo Branco/Azul),MEL-CA-MOG-AZU
Cor,Melânicos Castanho (Canela),Canela Vermelho,Mogno,Intenso,MEL-CA-MOG-COB
Cor,Melânicos Castanho (Canela),Canela Vermelho,Mogno,Nevado,MEL-CA-MOG-COB
Cor,Melânicos Castanho (Canela),Canela Vermelho,Mogno,Mosaico Macho,MEL-CA-MOG-COB
Cor,Melânicos Castanho (Canela),Canela Vermelho,Mogno,Mosaico Fêmea,MEL-CA-MOG-COB
Cor,Melânicos Castanho (Canela),Castanho (Canela) Amarelo,Mogno,Intenso,MEL-CA-MOG-AMA
Cor,Melânicos Castanho (Canela),Castanho (Canela) Amarelo,Mogno,Nevado,MEL-CA-MOG-AMA
Cor,Melânicos Castanho (Canela),Castanho (Canela) Amarelo,Mogno,Mosaico Macho,MEL-CA-MOG-AMA
Cor,Melânicos Castanho (Canela),Castanho (Canela) Amarelo,Mogno,Mosaico Fêmea,MEL-CA-MOG-AMA
Cor,Melânicos Castanho (Canela),Castanho (Canela) Amarelo Marfim,Mogno,Intenso,MEL-CA-MOG-AMA
Cor,Melânicos Castanho (Canela),Castanho (Canela) Amarelo Marfim,Mogno,Nevado,MEL-CA-MOG-AMA
Cor,Melânicos Castanho (Canela),Castanho (Canela) Amarelo Marfim,Mogno,Mosaico Macho,MEL-CA-MOG-AMA
Cor,Melânicos Castanho (Canela),Castanho (Canela) Amarelo Marfim,Mogno,Mosaico Fêmea,MEL-CA-MOG-AMA
Cor,Melânicos Castanho (Canela),Castanho (Canela) Vermelho,Mogno,Intenso,MEL-CA-MOG-VER
Cor,Melânicos Castanho (Canela),Castanho (Canela) Vermelho,Mogno,Nevado,MEL-CA-MOG-VER
Cor,Melânicos Castanho (Canela),Castanho (Canela) Vermelho,Mogno,Mosaico Macho,MEL-CA-MOG-VER
Cor,Melânicos Castanho (Canela),Castanho (Canela) Vermelho,Mogno,Mosaico Fêmea,MEL-CA-MOG-VER
Cor,Melânicos Castanho (Canela),Castanho (Canela) Vermelho Marfim,Mogno,Intenso,MEL-CA-MOG-VER
Cor,Melânicos Castanho (Canela),Castanho (Canela) Vermelho Marfim,Mogno,Nevado,MEL-CA-MOG-VER
Cor,Melânicos Castanho (Canela),Castanho (Canela) Vermelho Marfim,Mogno,Mosaico Macho,MEL-CA-MOG-VER
Cor,Melânicos Castanho (Canela),Castanho (Canela) Vermelho Marfim,Mogno,Mosaico Fêmea,MEL-CA-MOG-VER
Cor,Melânicos Castanho (Canela),Canela Amarelo,Quartzo,Intenso,MEL-CA-QUA-VER
Cor,Melânicos Castanho (Canela),Canela Amarelo,Quartzo,Nevado,MEL-CA-QUA-VER
Cor,Melânicos Castanho (Canela),Canela Amarelo,Quartzo,Mosaico Macho,MEL-CA-QUA-VER
Cor,Melânicos Castanho (Canela),Canela Amarelo,Quartzo,Mosaico Fêmea,MEL-CA-QUA-VER
Cor,Melânicos Castanho (Canela),Canela Branco,Quartzo,Não Aplicável (Fundo Branco/Azul),MEL-CA-QUA-AZU
Cor,Melânicos Castanho (Canela),Canela Vermelho,Quartzo,Intenso,MEL-CA-QUA-COB
Cor,Melânicos Castanho (Canela),Canela Vermelho,Quartzo,Nevado,MEL-CA-QUA-COB
Cor,Melânicos Castanho (Canela),Canela Vermelho,Quartzo,Mosaico Macho,MEL-CA-QUA-COB
Cor,Melânicos Castanho (Canela),Canela Vermelho,Quartzo,Mosaico Fêmea,MEL-CA-QUA-COB
Cor,Melânicos Castanho (Canela),Castanho (Canela) Amarelo,Quartzo,Intenso,MEL-CA-QUA-AMA
Cor,Melânicos Castanho (Canela),Castanho (Canela) Amarelo,Quartzo,Nevado,MEL-CA-QUA-AMA
Cor,Melânicos Castanho (Canela),Castanho (Canela) Amarelo,Quartzo,Mosaico Macho,MEL-CA-QUA-AMA
Cor,Melânicos Castanho (Canela),Castanho (Canela) Amarelo,Quartzo,Mosaico Fêmea,MEL-CA-QUA-AMA
Cor,Melânicos Castanho (Canela),Castanho (Canela) Amarelo Marfim,Quartzo,Intenso,MEL-CA-QUA-AMA
Cor,Melânicos Castanho (Canela),Castanho (Canela) Amarelo Marfim,Quartzo,Nevado,MEL-CA-QUA-AMA
Cor,Melânicos Castanho (Canela),Castanho (Canela) Amarelo Marfim,Quartzo,Mosaico Macho,MEL-CA-QUA-AMA
Cor,Melânicos Castanho (Canela),Castanho (Canela) Amarelo Marfim,Quartzo,Mosaico Fêmea,MEL-CA-QUA-AMA
Cor,Melânicos Castanho (Canela),Castanho (Canela) Vermelho,Quartzo,Intenso,MEL-CA-QUA-VER
Cor,Melânicos Castanho (Canela),Castanho (Canela) Vermelho,Quartzo,Nevado,MEL-CA-QUA-VER
Cor,Melânicos Castanho (Canela),Castanho (Canela) Vermelho,Quartzo,Mosaico Macho,MEL-CA-QUA-VER
Cor,Melânicos Castanho (Canela),Castanho (Canela) Vermelho,Quartzo,Mosaico Fêmea,MEL-CA-QUA-VER
Cor,Melânicos Castanho (Canela),Castanho (Canela) Vermelho Marfim,Quartzo,Intenso,MEL-CA-QUA-VER
Cor,Melânicos Castanho (Canela),Castanho (Canela) Vermelho Marfim,Quartzo,Nevado,MEL-CA-QUA-VER
Cor,Melânicos Castanho (Canela),Castanho (Canela) Vermelho Marfim,Quartzo,Mosaico Macho,MEL-CA-QUA-VER
Cor,Melânicos Castanho (Canela),Castanho (Canela) Vermelho Marfim,Quartzo,Mosaico Fêmea,MEL-CA-QUA-VER
Cor,Melânicos Castanho (Canela),Canela Amarelo,Perla,Intenso,MEL-CA-PER-VER
Cor,Melânicos Castanho (Canela),Canela Amarelo,Perla,Nevado,MEL-CA-PER-VER
Cor,Melânicos Castanho (Canela),Canela Amarelo,Perla,Mosaico Macho,MEL-CA-PER-VER
Cor,Melânicos Castanho (Canela),Canela Amarelo,Perla,Mosaico Fêmea,MEL-CA-PER-VER
Cor,Melânicos Castanho (Canela),Canela Branco,Perla,Não Aplicável (Fundo Branco/Azul),MEL-CA-PER-AZU
Cor,Melânicos Castanho (Canela),Canela Vermelho,Perla,Intenso,MEL-CA-PER-COB
Cor,Melânicos Castanho (Canela),Canela Vermelho,Perla,Nevado,MEL-CA-PER-COB
Cor,Melânicos Castanho (Canela),Canela Vermelho,Perla,Mosaico Macho,MEL-CA-PER-COB
Cor,Melânicos Castanho (Canela),Canela Vermelho,Perla,Mosaico Fêmea,MEL-CA-PER-COB
Cor,Melânicos Castanho (Canela),Castanho (Canela) Amarelo,Perla,Intenso,MEL-CA-PER-AMA
Cor,Melânicos Castanho (Canela),Castanho (Canela) Amarelo,Perla,Nevado,MEL-CA-PER-AMA
Cor,Melânicos Castanho (Canela),Castanho (Canela) Amarelo,Perla,Mosaico Macho,MEL-CA-PER-AMA
Cor,Melânicos Castanho (Canela),Castanho (Canela) Amarelo,Perla,Mosaico Fêmea,MEL-CA-PER-AMA
Cor,Melânicos Castanho (Canela),Castanho (Canela) Amarelo Marfim,Perla,Intenso,MEL-CA-PER-AMA
Cor,Melânicos Castanho (Canela),Castanho (Canela) Amarelo Marfim,Perla,Nevado,MEL-CA-PER-AMA
Cor,Melânicos Castanho (Canela),Castanho (Canela) Amarelo Marfim,Perla,Mosaico Macho,MEL-CA-PER-AMA
Cor,Melânicos Castanho (Canela),Castanho (Canela) Amarelo Marfim,Perla,Mosaico Fêmea,MEL-CA-PER-AMA
Cor,Melânicos Castanho (Canela),Castanho (Canela) Vermelho,Perla,Intenso,MEL-CA-PER-VER
Cor,Melânicos Castanho (Canela),Castanho (Canela) Vermelho,Perla,Nevado,MEL-CA-PER-VER
Cor,Melânicos Castanho (Canela),Castanho (Canela) Vermelho,Perla,Mosaico Macho,MEL-CA-PER-VER
Cor,Melânicos Castanho (Canela),Castanho (Canela) Vermelho,Perla,Mosaico Fêmea,MEL-CA-PER-VER
Cor,Melânicos Castanho (Canela),Castanho (Canela) Vermelho Marfim,Perla,Intenso,MEL-CA-PER-VER
Cor,Melânicos Castanho (Canela),Castanho (Canela) Vermelho Marfim,Perla,Nevado,MEL-CA-PER-VER
Cor,Melânicos Castanho (Canela),Castanho (Canela) Vermelho Marfim,Perla,Mosaico Macho,MEL-CA-PER-VER
Cor,Melânicos Castanho (Canela),Castanho (Canela) Vermelho Marfim,Perla,Mosaico Fêmea,MEL-CA-PER-VER
Cor,Melânicos Ágata,Ágata Verde,Clássico,Intenso,MEL-ÁG-CLÁ-VER
Cor,Melânicos Ágata,Ágata Verde,Clássico,Nevado,MEL-ÁG-CLÁ-VER
Cor,Melânicos Ágata,Ágata Verde,Clássico,Mosaico Macho,MEL-ÁG-CLÁ-VER
Cor,Melânicos Ágata,Ágata Verde,Clássico,Mosaico Fêmea,MEL-ÁG-CLÁ-VER
Cor,Melânicos Ágata,Ágata Azul,Clássico,Não Aplicável (Fundo Branco/Azul),MEL-ÁG-CLÁ-AZU
Cor,Melânicos Ágata,Ágata Cobre,Clássico,Intenso,MEL-ÁG-CLÁ-COB
Cor,Melânicos Ágata,Ágata Cobre,Clássico,Nevado,MEL-ÁG-CLÁ-COB
Cor,Melânicos Ágata,Ágata Cobre,Clássico,Mosaico Macho,MEL-ÁG-CLÁ-COB
Cor,Melânicos Ágata,Ágata Cobre,Clássico,Mosaico Fêmea,MEL-ÁG-CLÁ-COB
Cor,Melânicos Ágata,Ágata Amarelo,Clássico,Intenso,MEL-ÁG-CLÁ-AMA
Cor,Melânicos Ágata,Ágata Amarelo,Clássico,Nevado,MEL-ÁG-CLÁ-AMA
Cor,Melânicos Ágata,Ágata Amarelo,Clássico,Mosaico Macho,MEL-ÁG-CLÁ-AMA
Cor,Melânicos Ágata,Ágata Amarelo,Clássico,Mosaico Fêmea,MEL-ÁG-CLÁ-AMA
Cor,Melânicos Ágata,Ágata Amarelo Marfim,Clássico,Intenso,MEL-ÁG-CLÁ-AMA
Cor,Melânicos Ágata,Ágata Amarelo Marfim,Clássico,Nevado,MEL-ÁG-CLÁ-AMA
Cor,Melânicos Ágata,Ágata Amarelo Marfim,Clássico,Mosaico Macho,MEL-ÁG-CLÁ-AMA
Cor,Melânicos Ágata,Ágata Amarelo Marfim,Clássico,Mosaico Fêmea,MEL-ÁG-CLÁ-AMA
Cor,Melânicos Ágata,Ágata Vermelho,Clássico,Intenso,MEL-ÁG-CLÁ-VER
Cor,Melânicos Ágata,Ágata Vermelho,Clássico,Nevado,MEL-ÁG-CLÁ-VER
Cor,Melânicos Ágata,Ágata Vermelho,Clássico,Mosaico Macho,MEL-ÁG-CLÁ-VER
Cor,Melânicos Ágata,Ágata Vermelho,Clássico,Mosaico Fêmea,MEL-ÁG-CLÁ-VER
Cor,Melânicos Ágata,Ágata Vermelho Marfim,Clássico,Intenso,MEL-ÁG-CLÁ-VER
Cor,Melânicos Ágata,Ágata Vermelho Marfim,Clássico,Nevado,MEL-ÁG-CLÁ-VER
Cor,Melânicos Ágata,Ágata Vermelho Marfim,Clássico,Mosaico Macho,MEL-ÁG-CLÁ-VER
Cor,Melânicos Ágata,Ágata Vermelho Marfim,Clássico,Mosaico Fêmea,MEL-ÁG-CLÁ-VER
Cor,Melânicos Ágata,Ágata Verde,Pastel,Intenso,MEL-ÁG-PAS-VER
Cor,Melânicos Ágata,Ágata Verde,Pastel,Nevado,MEL-ÁG-PAS-VER
Cor,Melânicos Ágata,Ágata Verde,Pastel,Mosaico Macho,MEL-ÁG-PAS-VER
Cor,Melânicos Ágata,Ágata Verde,Pastel,Mosaico Fêmea,MEL-ÁG-PAS-VER
Cor,Melânicos Ágata,Ágata Azul,Pastel,Não Aplicável (Fundo Branco/Azul),MEL-ÁG-PAS-AZU
Cor,Melânicos Ágata,Ágata Cobre,Pastel,Intenso,MEL-ÁG-PAS-COB
Cor,Melânicos Ágata,Ágata Cobre,Pastel,Nevado,MEL-ÁG-PAS-COB
Cor,Melânicos Ágata,Ágata Cobre,Pastel,Mosaico Macho,MEL-ÁG-PAS-COB
Cor,Melânicos Ágata,Ágata Cobre,Pastel,Mosaico Fêmea,MEL-ÁG-PAS-COB
Cor,Melânicos Ágata,Ágata Amarelo,Pastel,Intenso,MEL-ÁG-PAS-AMA
Cor,Melânicos Ágata,Ágata Amarelo,Pastel,Nevado,MEL-ÁG-PAS-AMA
Cor,Melânicos Ágata,Ágata Amarelo,Pastel,Mosaico Macho,MEL-ÁG-PAS-AMA
Cor,Melânicos Ágata,Ágata Amarelo,Pastel,Mosaico Fêmea,MEL-ÁG-PAS-AMA
Cor,Melânicos Ágata,Ágata Amarelo Marfim,Pastel,Intenso,MEL-ÁG-PAS-AMA
Cor,Melânicos Ágata,Ágata Amarelo Marfim,Pastel,Nevado,MEL-ÁG-PAS-AMA
Cor,Melânicos Ágata,Ágata Amarelo Marfim,Pastel,Mosaico Macho,MEL-ÁG-PAS-AMA
Cor,Melânicos Ágata,Ágata Amarelo Marfim,Pastel,Mosaico Fêmea,MEL-ÁG-PAS-AMA
Cor,Melânicos Ágata,Ágata Vermelho,Pastel,Intenso,MEL-ÁG-PAS-VER
Cor,Melânicos Ágata,Ágata Vermelho,Pastel,Nevado,MEL-ÁG-PAS-VER
Cor,Melânicos Ágata,Ágata Vermelho,Pastel,Mosaico Macho,MEL-ÁG-PAS-VER
Cor,Melânicos Ágata,Ágata Vermelho,Pastel,Mosaico Fêmea,MEL-ÁG-PAS-VER
Cor,Melânicos Ágata,Ágata Vermelho Marfim,Pastel,Intenso,MEL-ÁG-PAS-VER
Cor,Melânicos Ágata,Ágata Vermelho Marfim,Pastel,Nevado,MEL-ÁG-PAS-VER
Cor,Melânicos Ágata,Ágata Vermelho Marfim,Pastel,Mosaico Macho,MEL-ÁG-PAS-VER
Cor,Melânicos Ágata,Ágata Vermelho Marfim,Pastel,Mosaico Fêmea,MEL-ÁG-PAS-VER
Cor,Melânicos Ágata,Ágata Verde,Opala,Intenso,MEL-ÁG-OPA-VER
Cor,Melânicos Ágata,Ágata Verde,Opala,Nevado,MEL-ÁG-OPA-VER
Cor,Melânicos Ágata,Ágata Verde,Opala,Mosaico Macho,MEL-ÁG-OPA-VER
Cor,Melânicos Ágata,Ágata Verde,Opala,Mosaico Fêmea,MEL-ÁG-OPA-VER
Cor,Melânicos Ágata,Ágata Azul,Opala,Não Aplicável (Fundo Branco/Azul),MEL-ÁG-OPA-AZU
Cor,Melânicos Ágata,Ágata Cobre,Opala,Intenso,MEL-ÁG-OPA-COB
Cor,Melânicos Ágata,Ágata Cobre,Opala,Nevado,MEL-ÁG-OPA-COB
Cor,Melânicos Ágata,Ágata Cobre,Opala,Mosaico Macho,MEL-ÁG-OPA-COB
Cor,Melânicos Ágata,Ágata Cobre,Opala,Mosaico Fêmea,MEL-ÁG-OPA-COB
Cor,Melânicos Ágata,Ágata Amarelo,Opala,Intenso,MEL-ÁG-OPA-AMA
Cor,Melânicos Ágata,Ágata Amarelo,Opala,Nevado,MEL-ÁG-OPA-AMA
Cor,Melânicos Ágata,Ágata Amarelo,Opala,Mosaico Macho,MEL-ÁG-OPA-AMA
Cor,Melânicos Ágata,Ágata Amarelo,Opala,Mosaico Fêmea,MEL-ÁG-OPA-AMA
Cor,Melânicos Ágata,Ágata Amarelo Marfim,Opala,Intenso,MEL-ÁG-OPA-AMA
Cor,Melânicos Ágata,Ágata Amarelo Marfim,Opala,Nevado,MEL-ÁG-OPA-AMA
Cor,Melânicos Ágata,Ágata Amarelo Marfim,Opala,Mosaico Macho,MEL-ÁG-OPA-AMA
Cor,Melânicos Ágata,Ágata Amarelo Marfim,Opala,Mosaico Fêmea,MEL-ÁG-OPA-AMA
Cor,Melânicos Ágata,Ágata Vermelho,Opala,Intenso,MEL-ÁG-OPA-VER
Cor,Melânicos Ágata,Ágata Vermelho,Opala,Nevado,MEL-ÁG-OPA-VER
Cor,Melânicos Ágata,Ágata Vermelho,Opala,Mosaico Macho,MEL-ÁG-OPA-VER
Cor,Melânicos Ágata,Ágata Vermelho,Opala,Mosaico Fêmea,MEL-ÁG-OPA-VER
Cor,Melânicos Ágata,Ágata Vermelho Marfim,Opala,Intenso,MEL-ÁG-OPA-VER
Cor,Melânicos Ágata,Ágata Vermelho Marfim,Opala,Nevado,MEL-ÁG-OPA-VER
Cor,Melânicos Ágata,Ágata Vermelho Marfim,Opala,Mosaico Macho,MEL-ÁG-OPA-VER
Cor,Melânicos Ágata,Ágata Vermelho Marfim,Opala,Mosaico Fêmea,MEL-ÁG-OPA-VER
Cor,Melânicos Ágata,Ágata Verde,Ino,Intenso,MEL-ÁG-INO-VER
Cor,Melânicos Ágata,Ágata Verde,Ino,Nevado,MEL-ÁG-INO-VER
Cor,Melânicos Ágata,Ágata Verde,Ino,Mosaico Macho,MEL-ÁG-INO-VER
Cor,Melânicos Ágata,Ágata Verde,Ino,Mosaico Fêmea,MEL-ÁG-INO-VER
Cor,Melânicos Ágata,Ágata Azul,Ino,Não Aplicável (Fundo Branco/Azul),MEL-ÁG-INO-AZU
Cor,Melânicos Ágata,Ágata Cobre,Ino,Intenso,MEL-ÁG-INO-COB
Cor,Melânicos Ágata,Ágata Cobre,Ino,Nevado,MEL-ÁG-INO-COB
Cor,Melânicos Ágata,Ágata Cobre,Ino,Mosaico Macho,MEL-ÁG-INO-COB
Cor,Melânicos Ágata,Ágata Cobre,Ino,Mosaico Fêmea,MEL-ÁG-INO-COB
Cor,Melânicos Ágata,Ágata Amarelo,Ino,Intenso,MEL-ÁG-INO-AMA
Cor,Melânicos Ágata,Ágata Amarelo,Ino,Nevado,MEL-ÁG-INO-AMA
Cor,Melânicos Ágata,Ágata Amarelo,Ino,Mosaico Macho,MEL-ÁG-INO-AMA
Cor,Melânicos Ágata,Ágata Amarelo,Ino,Mosaico Fêmea,MEL-ÁG-INO-AMA
Cor,Melânicos Ágata,Ágata Amarelo Marfim,Ino,Intenso,MEL-ÁG-INO-AMA
Cor,Melânicos Ágata,Ágata Amarelo Marfim,Ino,Nevado,MEL-ÁG-INO-AMA
Cor,Melânicos Ágata,Ágata Amarelo Marfim,Ino,Mosaico Macho,MEL-ÁG-INO-AMA
Cor,Melânicos Ágata,Ágata Amarelo Marfim,Ino,Mosaico Fêmea,MEL-ÁG-INO-AMA
Cor,Melânicos Ágata,Ágata Vermelho,Ino,Intenso,MEL-ÁG-INO-VER
Cor,Melânicos Ágata,Ágata Vermelho,Ino,Nevado,MEL-ÁG-INO-VER
Cor,Melânicos Ágata,Ágata Vermelho,Ino,Mosaico Macho,MEL-ÁG-INO-VER
Cor,Melânicos Ágata,Ágata Vermelho,Ino,Mosaico Fêmea,MEL-ÁG-INO-VER
Cor,Melânicos Ágata,Ágata Vermelho Marfim,Ino,Intenso,MEL-ÁG-INO-VER
Cor,Melânicos Ágata,Ágata Vermelho Marfim,Ino,Nevado,MEL-ÁG-INO-VER
Cor,Melânicos Ágata,Ágata Vermelho Marfim,Ino,Mosaico Macho,MEL-ÁG-INO-VER
Cor,Melânicos Ágata,Ágata Vermelho Marfim,Ino,Mosaico Fêmea,MEL-ÁG-INO-VER
Cor,Melânicos Ágata,Ágata Verde,Satinê,Intenso,MEL-ÁG-SAT-VER
Cor,Melânicos Ágata,Ágata Verde,Satinê,Nevado,MEL-ÁG-SAT-VER
Cor,Melânicos Ágata,Ágata Verde,Satinê,Mosaico Macho,MEL-ÁG-SAT-VER
Cor,Melânicos Ágata,Ágata Verde,Satinê,Mosaico Fêmea,MEL-ÁG-SAT-VER
Cor,Melânicos Ágata,Ágata Azul,Satinê,Não Aplicável (Fundo Branco/Azul),MEL-ÁG-SAT-AZU
Cor,Melânicos Ágata,Ágata Cobre,Satinê,Intenso,MEL-ÁG-SAT-COB
Cor,Melânicos Ágata,Ágata Cobre,Satinê,Nevado,MEL-ÁG-SAT-COB
Cor,Melânicos Ágata,Ágata Cobre,Satinê,Mosaico Macho,MEL-ÁG-SAT-COB
Cor,Melânicos Ágata,Ágata Cobre,Satinê,Mosaico Fêmea,MEL-ÁG-SAT-COB
Cor,Melânicos Ágata,Ágata Amarelo,Satinê,Intenso,MEL-ÁG-SAT-AMA
Cor,Melânicos Ágata,Ágata Amarelo,Satinê,Nevado,MEL-ÁG-SAT-AMA
Cor,Melânicos Ágata,Ágata Amarelo,Satinê,Mosaico Macho,MEL-ÁG-SAT-AMA
Cor,Melânicos Ágata,Ágata Amarelo,Satinê,Mosaico Fêmea,MEL-ÁG-SAT-AMA
Cor,Melânicos Ágata,Ágata Amarelo Marfim,Satinê,Intenso,MEL-ÁG-SAT-AMA
Cor,Melânicos Ágata,Ágata Amarelo Marfim,Satinê,Nevado,MEL-ÁG-SAT-AMA
Cor,Melânicos Ágata,Ágata Amarelo Marfim,Satinê,Mosaico Macho,MEL-ÁG-SAT-AMA
Cor,Melânicos Ágata,Ágata Amarelo Marfim,Satinê,Mosaico Fêmea,MEL-ÁG-SAT-AMA
Cor,Melânicos Ágata,Ágata Vermelho,Satinê,Intenso,MEL-ÁG-SAT-VER
Cor,Melânicos Ágata,Ágata Vermelho,Satinê,Nevado,MEL-ÁG-SAT-VER
Cor,Melânicos Ágata,Ágata Vermelho,Satinê,Mosaico Macho,MEL-ÁG-SAT-VER
Cor,Melânicos Ágata,Ágata Vermelho,Satinê,Mosaico Fêmea,MEL-ÁG-SAT-VER
Cor,Melânicos Ágata,Ágata Vermelho Marfim,Satinê,Intenso,MEL-ÁG-SAT-VER
Cor,Melânicos Ágata,Ágata Vermelho Marfim,Satinê,Nevado,MEL-ÁG-SAT-VER
Cor,Melânicos Ágata,Ágata Vermelho Marfim,Satinê,Mosaico Macho,MEL-ÁG-SAT-VER
Cor,Melânicos Ágata,Ágata Vermelho Marfim,Satinê,Mosaico Fêmea,MEL-ÁG-SAT-VER
Cor,Melânicos Ágata,Ágata Verde,Topázio,Intenso,MEL-ÁG-TOP-VER
Cor,Melânicos Ágata,Ágata Verde,Topázio,Nevado,MEL-ÁG-TOP-VER
Cor,Melânicos Ágata,Ágata Verde,Topázio,Mosaico Macho,MEL-ÁG-TOP-VER
Cor,Melânicos Ágata,Ágata Verde,Topázio,Mosaico Fêmea,MEL-ÁG-TOP-VER
Cor,Melânicos Ágata,Ágata Azul,Topázio,Não Aplicável (Fundo Branco/Azul),MEL-ÁG-TOP-AZU
Cor,Melânicos Ágata,Ágata Cobre,Topázio,Intenso,MEL-ÁG-TOP-COB
Cor,Melânicos Ágata,Ágata Cobre,Topázio,Nevado,MEL-ÁG-TOP-COB
Cor,Melânicos Ágata,Ágata Cobre,Topázio,Mosaico Macho,MEL-ÁG-TOP-COB
Cor,Melânicos Ágata,Ágata Cobre,Topázio,Mosaico Fêmea,MEL-ÁG-TOP-COB
Cor,Melânicos Ágata,Ágata Amarelo,Topázio,Intenso,MEL-ÁG-TOP-AMA
Cor,Melânicos Ágata,Ágata Amarelo,Topázio,Nevado,MEL-ÁG-TOP-AMA
Cor,Melânicos Ágata,Ágata Amarelo,Topázio,Mosaico Macho,MEL-ÁG-TOP-AMA
Cor,Melânicos Ágata,Ágata Amarelo,Topázio,Mosaico Fêmea,MEL-ÁG-TOP-AMA
Cor,Melânicos Ágata,Ágata Amarelo Marfim,Topázio,Intenso,MEL-ÁG-TOP-AMA
Cor,Melânicos Ágata,Ágata Amarelo Marfim,Topázio,Nevado,MEL-ÁG-TOP-AMA
Cor,Melânicos Ágata,Ágata Amarelo Marfim,Topázio,Mosaico Macho,MEL-ÁG-TOP-AMA
Cor,Melânicos Ágata,Ágata Amarelo Marfim,Topázio,Mosaico Fêmea,MEL-ÁG-TOP-AMA
Cor,Melânicos Ágata,Ágata Vermelho,Topázio,Intenso,MEL-ÁG-TOP-VER
Cor,Melânicos Ágata,Ágata Vermelho,Topázio,Nevado,MEL-ÁG-TOP-VER
Cor,Melânicos Ágata,Ágata Vermelho,Topázio,Mosaico Macho,MEL-ÁG-TOP-VER
Cor,Melânicos Ágata,Ágata Vermelho,Topázio,Mosaico Fêmea,MEL-ÁG-TOP-VER
Cor,Melânicos Ágata,Ágata Vermelho Marfim,Topázio,Intenso,MEL-ÁG-TOP-VER
Cor,Melânicos Ágata,Ágata Vermelho Marfim,Topázio,Nevado,MEL-ÁG-TOP-VER
Cor,Melânicos Ágata,Ágata Vermelho Marfim,Topázio,Mosaico Macho,MEL-ÁG-TOP-VER
Cor,Melânicos Ágata,Ágata Vermelho Marfim,Topázio,Mosaico Fêmea,MEL-ÁG-TOP-VER
Cor,Melânicos Ágata,Ágata Verde,Eumo,Intenso,MEL-ÁG-EUM-VER
Cor,Melânicos Ágata,Ágata Verde,Eumo,Nevado,MEL-ÁG-EUM-VER
Cor,Melânicos Ágata,Ágata Verde,Eumo,Mosaico Macho,MEL-ÁG-EUM-VER
Cor,Melânicos Ágata,Ágata Verde,Eumo,Mosaico Fêmea,MEL-ÁG-EUM-VER
Cor,Melânicos Ágata,Ágata Azul,Eumo,Não Aplicável (Fundo Branco/Azul),MEL-ÁG-EUM-AZU
Cor,Melânicos Ágata,Ágata Cobre,Eumo,Intenso,MEL-ÁG-EUM-COB
Cor,Melânicos Ágata,Ágata Cobre,Eumo,Nevado,MEL-ÁG-EUM-COB
Cor,Melânicos Ágata,Ágata Cobre,Eumo,Mosaico Macho,MEL-ÁG-EUM-COB
Cor,Melânicos Ágata,Ágata Cobre,Eumo,Mosaico Fêmea,MEL-ÁG-EUM-COB
Cor,Melânicos Ágata,Ágata Amarelo,Eumo,Intenso,MEL-ÁG-EUM-AMA
Cor,Melânicos Ágata,Ágata Amarelo,Eumo,Nevado,MEL-ÁG-EUM-AMA
Cor,Melânicos Ágata,Ágata Amarelo,Eumo,Mosaico Macho,MEL-ÁG-EUM-AMA
Cor,Melânicos Ágata,Ágata Amarelo,Eumo,Mosaico Fêmea,MEL-ÁG-EUM-AMA
Cor,Melânicos Ágata,Ágata Amarelo Marfim,Eumo,Intenso,MEL-ÁG-EUM-AMA
Cor,Melânicos Ágata,Ágata Amarelo Marfim,Eumo,Nevado,MEL-ÁG-EUM-AMA
Cor,Melânicos Ágata,Ágata Amarelo Marfim,Eumo,Mosaico Macho,MEL-ÁG-EUM-AMA
Cor,Melânicos Ágata,Ágata Amarelo Marfim,Eumo,Mosaico Fêmea,MEL-ÁG-EUM-AMA
Cor,Melânicos Ágata,Ágata Vermelho,Eumo,Intenso,MEL-ÁG-EUM-VER
Cor,Melânicos Ágata,Ágata Vermelho,Eumo,Nevado,MEL-ÁG-EUM-VER
Cor,Melânicos Ágata,Ágata Vermelho,Eumo,Mosaico Macho,MEL-ÁG-EUM-VER
Cor,Melânicos Ágata,Ágata Vermelho,Eumo,Mosaico Fêmea,MEL-ÁG-EUM-VER
Cor,Melânicos Ágata,Ágata Vermelho Marfim,Eumo,Intenso,MEL-ÁG-EUM-VER
Cor,Melânicos Ágata,Ágata Vermelho Marfim,Eumo,Nevado,MEL-ÁG-EUM-VER
Cor,Melânicos Ágata,Ágata Vermelho Marfim,Eumo,Mosaico Macho,MEL-ÁG-EUM-VER
Cor,Melânicos Ágata,Ágata Vermelho Marfim,Eumo,Mosaico Fêmea,MEL-ÁG-EUM-VER
Cor,Melânicos Ágata,Ágata Verde,Onix,Intenso,MEL-ÁG-ONI-VER
Cor,Melânicos Ágata,Ágata Verde,Onix,Nevado,MEL-ÁG-ONI-VER
Cor,Melânicos Ágata,Ágata Verde,Onix,Mosaico Macho,MEL-ÁG-ONI-VER
Cor,Melânicos Ágata,Ágata Verde,Onix,Mosaico Fêmea,MEL-ÁG-ONI-VER
Cor,Melânicos Ágata,Ágata Azul,Onix,Não Aplicável (Fundo Branco/Azul),MEL-ÁG-ONI-AZU
Cor,Melânicos Ágata,Ágata Cobre,Onix,Intenso,MEL-ÁG-ONI-COB
Cor,Melânicos Ágata,Ágata Cobre,Onix,Nevado,MEL-ÁG-ONI-COB
Cor,Melânicos Ágata,Ágata Cobre,Onix,Mosaico Macho,MEL-ÁG-ONI-COB
Cor,Melânicos Ágata,Ágata Cobre,Onix,Mosaico Fêmea,MEL-ÁG-ONI-COB
Cor,Melânicos Ágata,Ágata Amarelo,Onix,Intenso,MEL-ÁG-ONI-AMA
Cor,Melânicos Ágata,Ágata Amarelo,Onix,Nevado,MEL-ÁG-ONI-AMA
Cor,Melânicos Ágata,Ágata Amarelo,Onix,Mosaico Macho,MEL-ÁG-ONI-AMA
Cor,Melânicos Ágata,Ágata Amarelo,Onix,Mosaico Fêmea,MEL-ÁG-ONI-AMA
Cor,Melânicos Ágata,Ágata Amarelo Marfim,Onix,Intenso,MEL-ÁG-ONI-AMA
Cor,Melânicos Ágata,Ágata Amarelo Marfim,Onix,Nevado,MEL-ÁG-ONI-AMA
Cor,Melânicos Ágata,Ágata Amarelo Marfim,Onix,Mosaico Macho,MEL-ÁG-ONI-AMA
Cor,Melânicos Ágata,Ágata Amarelo Marfim,Onix,Mosaico Fêmea,MEL-ÁG-ONI-AMA
Cor,Melânicos Ágata,Ágata Vermelho,Onix,Intenso,MEL-ÁG-ONI-VER
Cor,Melânicos Ágata,Ágata Vermelho,Onix,Nevado,MEL-ÁG-ONI-VER
Cor,Melânicos Ágata,Ágata Vermelho,Onix,Mosaico Macho,MEL-ÁG-ONI-VER
Cor,Melânicos Ágata,Ágata Vermelho,Onix,Mosaico Fêmea,MEL-ÁG-ONI-VER
Cor,Melânicos Ágata,Ágata Vermelho Marfim,Onix,Intenso,MEL-ÁG-ONI-VER
Cor,Melânicos Ágata,Ágata Vermelho Marfim,Onix,Nevado,MEL-ÁG-ONI-VER
Cor,Melânicos Ágata,Ágata Vermelho Marfim,Onix,Mosaico Macho,MEL-ÁG-ONI-VER
Cor,Melânicos Ágata,Ágata Vermelho Marfim,Onix,Mosaico Fêmea,MEL-ÁG-ONI-VER
Cor,Melânicos Ágata,Ágata Verde,Cobalto,Intenso,MEL-ÁG-COB-VER
Cor,Melânicos Ágata,Ágata Verde,Cobalto,Nevado,MEL-ÁG-COB-VER
Cor,Melânicos Ágata,Ágata Verde,Cobalto,Mosaico Macho,MEL-ÁG-COB-VER
Cor,Melânicos Ágata,Ágata Verde,Cobalto,Mosaico Fêmea,MEL-ÁG-COB-VER
Cor,Melânicos Ágata,Ágata Azul,Cobalto,Não Aplicável (Fundo Branco/Azul),MEL-ÁG-COB-AZU
Cor,Melânicos Ágata,Ágata Cobre,Cobalto,Intenso,MEL-ÁG-COB-COB
Cor,Melânicos Ágata,Ágata Cobre,Cobalto,Nevado,MEL-ÁG-COB-COB
Cor,Melânicos Ágata,Ágata Cobre,Cobalto,Mosaico Macho,MEL-ÁG-COB-COB
Cor,Melânicos Ágata,Ágata Cobre,Cobalto,Mosaico Fêmea,MEL-ÁG-COB-COB
Cor,Melânicos Ágata,Ágata Amarelo,Cobalto,Intenso,MEL-ÁG-COB-AMA
Cor,Melânicos Ágata,Ágata Amarelo,Cobalto,Nevado,MEL-ÁG-COB-AMA
Cor,Melânicos Ágata,Ágata Amarelo,Cobalto,Mosaico Macho,MEL-ÁG-COB-AMA
Cor,Melânicos Ágata,Ágata Amarelo,Cobalto,Mosaico Fêmea,MEL-ÁG-COB-AMA
Cor,Melânicos Ágata,Ágata Amarelo Marfim,Cobalto,Intenso,MEL-ÁG-COB-AMA
Cor,Melânicos Ágata,Ágata Amarelo Marfim,Cobalto,Nevado,MEL-ÁG-COB-AMA
Cor,Melânicos Ágata,Ágata Amarelo Marfim,Cobalto,Mosaico Macho,MEL-ÁG-COB-AMA
Cor,Melânicos Ágata,Ágata Amarelo Marfim,Cobalto,Mosaico Fêmea,MEL-ÁG-COB-AMA
Cor,Melânicos Ágata,Ágata Vermelho,Cobalto,Intenso,MEL-ÁG-COB-VER
Cor,Melânicos Ágata,Ágata Vermelho,Cobalto,Nevado,MEL-ÁG-COB-VER
Cor,Melânicos Ágata,Ágata Vermelho,Cobalto,Mosaico Macho,MEL-ÁG-COB-VER
Cor,Melânicos Ágata,Ágata Vermelho,Cobalto,Mosaico Fêmea,MEL-ÁG-COB-VER
Cor,Melânicos Ágata,Ágata Vermelho Marfim,Cobalto,Intenso,MEL-ÁG-COB-VER
Cor,Melânicos Ágata,Ágata Vermelho Marfim,Cobalto,Nevado,MEL-ÁG-COB-VER
Cor,Melânicos Ágata,Ágata Vermelho Marfim,Cobalto,Mosaico Macho,MEL-ÁG-COB-VER
Cor,Melânicos Ágata,Ágata Vermelho Marfim,Cobalto,Mosaico Fêmea,MEL-ÁG-COB-VER
Cor,Melânicos Ágata,Ágata Verde,Jaspe Simples Diluição,Intenso,MEL-ÁG-JAS-VER
Cor,Melânicos Ágata,Ágata Verde,Jaspe Simples Diluição,Nevado,MEL-ÁG-JAS-VER
Cor,Melânicos Ágata,Ágata Verde,Jaspe Simples Diluição,Mosaico Macho,MEL-ÁG-JAS-VER
Cor,Melânicos Ágata,Ágata Verde,Jaspe Simples Diluição,Mosaico Fêmea,MEL-ÁG-JAS-VER
Cor,Melânicos Ágata,Ágata Azul,Jaspe Simples Diluição,Não Aplicável (Fundo Branco/Azul),MEL-ÁG-JAS-AZU
Cor,Melânicos Ágata,Ágata Cobre,Jaspe Simples Diluição,Intenso,MEL-ÁG-JAS-COB
Cor,Melânicos Ágata,Ágata Cobre,Jaspe Simples Diluição,Nevado,MEL-ÁG-JAS-COB
Cor,Melânicos Ágata,Ágata Cobre,Jaspe Simples Diluição,Mosaico Macho,MEL-ÁG-JAS-COB
Cor,Melânicos Ágata,Ágata Cobre,Jaspe Simples Diluição,Mosaico Fêmea,MEL-ÁG-JAS-COB
Cor,Melânicos Ágata,Ágata Amarelo,Jaspe Simples Diluição,Intenso,MEL-ÁG-JAS-AMA
Cor,Melânicos Ágata,Ágata Amarelo,Jaspe Simples Diluição,Nevado,MEL-ÁG-JAS-AMA
Cor,Melânicos Ágata,Ágata Amarelo,Jaspe Simples Diluição,Mosaico Macho,MEL-ÁG-JAS-AMA
Cor,Melânicos Ágata,Ágata Amarelo,Jaspe Simples Diluição,Mosaico Fêmea,MEL-ÁG-JAS-AMA
Cor,Melânicos Ágata,Ágata Amarelo Marfim,Jaspe Simples Diluição,Intenso,MEL-ÁG-JAS-AMA
Cor,Melânicos Ágata,Ágata Amarelo Marfim,Jaspe Simples Diluição,Nevado,MEL-ÁG-JAS-AMA
Cor,Melânicos Ágata,Ágata Amarelo Marfim,Jaspe Simples Diluição,Mosaico Macho,MEL-ÁG-JAS-AMA
Cor,Melânicos Ágata,Ágata Amarelo Marfim,Jaspe Simples Diluição,Mosaico Fêmea,MEL-ÁG-JAS-AMA
Cor,Melânicos Ágata,Ágata Vermelho,Jaspe Simples Diluição,Intenso,MEL-ÁG-JAS-VER
Cor,Melânicos Ágata,Ágata Vermelho,Jaspe Simples Diluição,Nevado,MEL-ÁG-JAS-VER
Cor,Melânicos Ágata,Ágata Vermelho,Jaspe Simples Diluição,Mosaico Macho,MEL-ÁG-JAS-VER
Cor,Melânicos Ágata,Ágata Vermelho,Jaspe Simples Diluição,Mosaico Fêmea,MEL-ÁG-JAS-VER
Cor,Melânicos Ágata,Ágata Vermelho Marfim,Jaspe Simples Diluição,Intenso,MEL-ÁG-JAS-VER
Cor,Melânicos Ágata,Ágata Vermelho Marfim,Jaspe Simples Diluição,Nevado,MEL-ÁG-JAS-VER
Cor,Melânicos Ágata,Ágata Vermelho Marfim,Jaspe Simples Diluição,Mosaico Macho,MEL-ÁG-JAS-VER
Cor,Melânicos Ágata,Ágata Vermelho Marfim,Jaspe Simples Diluição,Mosaico Fêmea,MEL-ÁG-JAS-VER
Cor,Melânicos Ágata,Ágata Verde,Jaspe Dupla Diluição,Intenso,MEL-ÁG-JAS-VER
Cor,Melânicos Ágata,Ágata Verde,Jaspe Dupla Diluição,Nevado,MEL-ÁG-JAS-VER
Cor,Melânicos Ágata,Ágata Verde,Jaspe Dupla Diluição,Mosaico Macho,MEL-ÁG-JAS-VER
Cor,Melânicos Ágata,Ágata Verde,Jaspe Dupla Diluição,Mosaico Fêmea,MEL-ÁG-JAS-VER
Cor,Melânicos Ágata,Ágata Azul,Jaspe Dupla Diluição,Não Aplicável (Fundo Branco/Azul),MEL-ÁG-JAS-AZU
Cor,Melânicos Ágata,Ágata Cobre,Jaspe Dupla Diluição,Intenso,MEL-ÁG-JAS-COB
Cor,Melânicos Ágata,Ágata Cobre,Jaspe Dupla Diluição,Nevado,MEL-ÁG-JAS-COB
Cor,Melânicos Ágata,Ágata Cobre,Jaspe Dupla Diluição,Mosaico Macho,MEL-ÁG-JAS-COB
Cor,Melânicos Ágata,Ágata Cobre,Jaspe Dupla Diluição,Mosaico Fêmea,MEL-ÁG-JAS-COB
Cor,Melânicos Ágata,Ágata Amarelo,Jaspe Dupla Diluição,Intenso,MEL-ÁG-JAS-AMA
Cor,Melânicos Ágata,Ágata Amarelo,Jaspe Dupla Diluição,Nevado,MEL-ÁG-JAS-AMA
Cor,Melânicos Ágata,Ágata Amarelo,Jaspe Dupla Diluição,Mosaico Macho,MEL-ÁG-JAS-AMA
Cor,Melânicos Ágata,Ágata Amarelo,Jaspe Dupla Diluição,Mosaico Fêmea,MEL-ÁG-JAS-AMA
Cor,Melânicos Ágata,Ágata Amarelo Marfim,Jaspe Dupla Diluição,Intenso,MEL-ÁG-JAS-AMA
Cor,Melânicos Ágata,Ágata Amarelo Marfim,Jaspe Dupla Diluição,Nevado,MEL-ÁG-JAS-AMA
Cor,Melânicos Ágata,Ágata Amarelo Marfim,Jaspe Dupla Diluição,Mosaico Macho,MEL-ÁG-JAS-AMA
Cor,Melânicos Ágata,Ágata Amarelo Marfim,Jaspe Dupla Diluição,Mosaico Fêmea,MEL-ÁG-JAS-AMA
Cor,Melânicos Ágata,Ágata Vermelho,Jaspe Dupla Diluição,Intenso,MEL-ÁG-JAS-VER
Cor,Melânicos Ágata,Ágata Vermelho,Jaspe Dupla Diluição,Nevado,MEL-ÁG-JAS-VER
Cor,Melânicos Ágata,Ágata Vermelho,Jaspe Dupla Diluição,Mosaico Macho,MEL-ÁG-JAS-VER
Cor,Melânicos Ágata,Ágata Vermelho,Jaspe Dupla Diluição,Mosaico Fêmea,MEL-ÁG-JAS-VER
Cor,Melânicos Ágata,Ágata Vermelho Marfim,Jaspe Dupla Diluição,Intenso,MEL-ÁG-JAS-VER
Cor,Melânicos Ágata,Ágata Vermelho Marfim,Jaspe Dupla Diluição,Nevado,MEL-ÁG-JAS-VER
Cor,Melânicos Ágata,Ágata Vermelho Marfim,Jaspe Dupla Diluição,Mosaico Macho,MEL-ÁG-JAS-VER
Cor,Melânicos Ágata,Ágata Vermelho Marfim,Jaspe Dupla Diluição,Mosaico Fêmea,MEL-ÁG-JAS-VER
Cor,Melânicos Ágata,Ágata Verde,Mogno,Intenso,MEL-ÁG-MOG-VER
Cor,Melânicos Ágata,Ágata Verde,Mogno,Nevado,MEL-ÁG-MOG-VER
Cor,Melânicos Ágata,Ágata Verde,Mogno,Mosaico Macho,MEL-ÁG-MOG-VER
Cor,Melânicos Ágata,Ágata Verde,Mogno,Mosaico Fêmea,MEL-ÁG-MOG-VER
Cor,Melânicos Ágata,Ágata Azul,Mogno,Não Aplicável (Fundo Branco/Azul),MEL-ÁG-MOG-AZU
Cor,Melânicos Ágata,Ágata Cobre,Mogno,Intenso,MEL-ÁG-MOG-COB
Cor,Melânicos Ágata,Ágata Cobre,Mogno,Nevado,MEL-ÁG-MOG-COB
Cor,Melânicos Ágata,Ágata Cobre,Mogno,Mosaico Macho,MEL-ÁG-MOG-COB
Cor,Melânicos Ágata,Ágata Cobre,Mogno,Mosaico Fêmea,MEL-ÁG-MOG-COB
Cor,Melânicos Ágata,Ágata Amarelo,Mogno,Intenso,MEL-ÁG-MOG-AMA
Cor,Melânicos Ágata,Ágata Amarelo,Mogno,Nevado,MEL-ÁG-MOG-AMA
Cor,Melânicos Ágata,Ágata Amarelo,Mogno,Mosaico Macho,MEL-ÁG-MOG-AMA
Cor,Melânicos Ágata,Ágata Amarelo,Mogno,Mosaico Fêmea,MEL-ÁG-MOG-AMA
Cor,Melânicos Ágata,Ágata Amarelo Marfim,Mogno,Intenso,MEL-ÁG-MOG-AMA
Cor,Melânicos Ágata,Ágata Amarelo Marfim,Mogno,Nevado,MEL-ÁG-MOG-AMA
Cor,Melânicos Ágata,Ágata Amarelo Marfim,Mogno,Mosaico Macho,MEL-ÁG-MOG-AMA
Cor,Melânicos Ágata,Ágata Amarelo Marfim,Mogno,Mosaico Fêmea,MEL-ÁG-MOG-AMA
Cor,Melânicos Ágata,Ágata Vermelho,Mogno,Intenso,MEL-ÁG-MOG-VER
Cor,Melânicos Ágata,Ágata Vermelho,Mogno,Nevado,MEL-ÁG-MOG-VER
Cor,Melânicos Ágata,Ágata Vermelho,Mogno,Mosaico Macho,MEL-ÁG-MOG-VER
Cor,Melânicos Ágata,Ágata Vermelho,Mogno,Mosaico Fêmea,MEL-ÁG-MOG-VER
Cor,Melânicos Ágata,Ágata Vermelho Marfim,Mogno,Intenso,MEL-ÁG-MOG-VER
Cor,Melânicos Ágata,Ágata Vermelho Marfim,Mogno,Nevado,MEL-ÁG-MOG-VER
Cor,Melânicos Ágata,Ágata Vermelho Marfim,Mogno,Mosaico Macho,MEL-ÁG-MOG-VER
Cor,Melânicos Ágata,Ágata Vermelho Marfim,Mogno,Mosaico Fêmea,MEL-ÁG-MOG-VER
Cor,Melânicos Ágata,Ágata Verde,Quartzo,Intenso,MEL-ÁG-QUA-VER
Cor,Melânicos Ágata,Ágata Verde,Quartzo,Nevado,MEL-ÁG-QUA-VER
Cor,Melânicos Ágata,Ágata Verde,Quartzo,Mosaico Macho,MEL-ÁG-QUA-VER
Cor,Melânicos Ágata,Ágata Verde,Quartzo,Mosaico Fêmea,MEL-ÁG-QUA-VER
Cor,Melânicos Ágata,Ágata Azul,Quartzo,Não Aplicável (Fundo Branco/Azul),MEL-ÁG-QUA-AZU
Cor,Melânicos Ágata,Ágata Cobre,Quartzo,Intenso,MEL-ÁG-QUA-COB
Cor,Melânicos Ágata,Ágata Cobre,Quartzo,Nevado,MEL-ÁG-QUA-COB
Cor,Melânicos Ágata,Ágata Cobre,Quartzo,Mosaico Macho,MEL-ÁG-QUA-COB
Cor,Melânicos Ágata,Ágata Cobre,Quartzo,Mosaico Fêmea,MEL-ÁG-QUA-COB
Cor,Melânicos Ágata,Ágata Amarelo,Quartzo,Intenso,MEL-ÁG-QUA-AMA
Cor,Melânicos Ágata,Ágata Amarelo,Quartzo,Nevado,MEL-ÁG-QUA-AMA
Cor,Melânicos Ágata,Ágata Amarelo,Quartzo,Mosaico Macho,MEL-ÁG-QUA-AMA
Cor,Melânicos Ágata,Ágata Amarelo,Quartzo,Mosaico Fêmea,MEL-ÁG-QUA-AMA
Cor,Melânicos Ágata,Ágata Amarelo Marfim,Quartzo,Intenso,MEL-ÁG-QUA-AMA
Cor,Melânicos Ágata,Ágata Amarelo Marfim,Quartzo,Nevado,MEL-ÁG-QUA-AMA
Cor,Melânicos Ágata,Ágata Amarelo Marfim,Quartzo,Mosaico Macho,MEL-ÁG-QUA-AMA
Cor,Melânicos Ágata,Ágata Amarelo Marfim,Quartzo,Mosaico Fêmea,MEL-ÁG-QUA-AMA
Cor,Melânicos Ágata,Ágata Vermelho,Quartzo,Intenso,MEL-ÁG-QUA-VER
Cor,Melânicos Ágata,Ágata Vermelho,Quartzo,Nevado,MEL-ÁG-QUA-VER
Cor,Melânicos Ágata,Ágata Vermelho,Quartzo,Mosaico Macho,MEL-ÁG-QUA-VER
Cor,Melânicos Ágata,Ágata Vermelho,Quartzo,Mosaico Fêmea,MEL-ÁG-QUA-VER
Cor,Melânicos Ágata,Ágata Vermelho Marfim,Quartzo,Intenso,MEL-ÁG-QUA-VER
Cor,Melânicos Ágata,Ágata Vermelho Marfim,Quartzo,Nevado,MEL-ÁG-QUA-VER
Cor,Melânicos Ágata,Ágata Vermelho Marfim,Quartzo,Mosaico Macho,MEL-ÁG-QUA-VER
Cor,Melânicos Ágata,Ágata Vermelho Marfim,Quartzo,Mosaico Fêmea,MEL-ÁG-QUA-VER
Cor,Melânicos Ágata,Ágata Verde,Perla,Intenso,MEL-ÁG-PER-VER
Cor,Melânicos Ágata,Ágata Verde,Perla,Nevado,MEL-ÁG-PER-VER
Cor,Melânicos Ágata,Ágata Verde,Perla,Mosaico Macho,MEL-ÁG-PER-VER
Cor,Melânicos Ágata,Ágata Verde,Perla,Mosaico Fêmea,MEL-ÁG-PER-VER
Cor,Melânicos Ágata,Ágata Azul,Perla,Não Aplicável (Fundo Branco/Azul),MEL-ÁG-PER-AZU
Cor,Melânicos Ágata,Ágata Cobre,Perla,Intenso,MEL-ÁG-PER-COB
Cor,Melânicos Ágata,Ágata Cobre,Perla,Nevado,MEL-ÁG-PER-COB
Cor,Melânicos Ágata,Ágata Cobre,Perla,Mosaico Macho,MEL-ÁG-PER-COB
Cor,Melânicos Ágata,Ágata Cobre,Perla,Mosaico Fêmea,MEL-ÁG-PER-COB
Cor,Melânicos Ágata,Ágata Amarelo,Perla,Intenso,MEL-ÁG-PER-AMA
Cor,Melânicos Ágata,Ágata Amarelo,Perla,Nevado,MEL-ÁG-PER-AMA
Cor,Melânicos Ágata,Ágata Amarelo,Perla,Mosaico Macho,MEL-ÁG-PER-AMA
Cor,Melânicos Ágata,Ágata Amarelo,Perla,Mosaico Fêmea,MEL-ÁG-PER-AMA
Cor,Melânicos Ágata,Ágata Amarelo Marfim,Perla,Intenso,MEL-ÁG-PER-AMA
Cor,Melânicos Ágata,Ágata Amarelo Marfim,Perla,Nevado,MEL-ÁG-PER-AMA
Cor,Melânicos Ágata,Ágata Amarelo Marfim,Perla,Mosaico Macho,MEL-ÁG-PER-AMA
Cor,Melânicos Ágata,Ágata Amarelo Marfim,Perla,Mosaico Fêmea,MEL-ÁG-PER-AMA
Cor,Melânicos Ágata,Ágata Vermelho,Perla,Intenso,MEL-ÁG-PER-VER
Cor,Melânicos Ágata,Ágata Vermelho,Perla,Nevado,MEL-ÁG-PER-VER
Cor,Melânicos Ágata,Ágata Vermelho,Perla,Mosaico Macho,MEL-ÁG-PER-VER
Cor,Melânicos Ágata,Ágata Vermelho,Perla,Mosaico Fêmea,MEL-ÁG-PER-VER
Cor,Melânicos Ágata,Ágata Vermelho Marfim,Perla,Intenso,MEL-ÁG-PER-VER
Cor,Melânicos Ágata,Ágata Vermelho Marfim,Perla,Nevado,MEL-ÁG-PER-VER
Cor,Melânicos Ágata,Ágata Vermelho Marfim,Perla,Mosaico Macho,MEL-ÁG-PER-VER
Cor,Melânicos Ágata,Ágata Vermelho Marfim,Perla,Mosaico Fêmea,MEL-ÁG-PER-VER
Cor,Melânicos Isabel,Isabel Verde,Clássico,Intenso,MEL-IS-CLÁ-VER
Cor,Melânicos Isabel,Isabel Verde,Clássico,Nevado,MEL-IS-CLÁ-VER
Cor,Melânicos Isabel,Isabel Verde,Clássico,Mosaico Macho,MEL-IS-CLÁ-VER
Cor,Melânicos Isabel,Isabel Verde,Clássico,Mosaico Fêmea,MEL-IS-CLÁ-VER
Cor,Melânicos Isabel,Isabel Azul,Clássico,Não Aplicável (Fundo Branco/Azul),MEL-IS-CLÁ-AZU
Cor,Melânicos Isabel,Isabel Cobre,Clássico,Intenso,MEL-IS-CLÁ-COB
Cor,Melânicos Isabel,Isabel Cobre,Clássico,Nevado,MEL-IS-CLÁ-COB
Cor,Melânicos Isabel,Isabel Cobre,Clássico,Mosaico Macho,MEL-IS-CLÁ-COB
Cor,Melânicos Isabel,Isabel Cobre,Clássico,Mosaico Fêmea,MEL-IS-CLÁ-COB
Cor,Melânicos Isabel,Isabel Amarelo,Clássico,Intenso,MEL-IS-CLÁ-AMA
Cor,Melânicos Isabel,Isabel Amarelo,Clássico,Nevado,MEL-IS-CLÁ-AMA
Cor,Melânicos Isabel,Isabel Amarelo,Clássico,Mosaico Macho,MEL-IS-CLÁ-AMA
Cor,Melânicos Isabel,Isabel Amarelo,Clássico,Mosaico Fêmea,MEL-IS-CLÁ-AMA
Cor,Melânicos Isabel,Isabel Amarelo Marfim,Clássico,Intenso,MEL-IS-CLÁ-AMA
Cor,Melânicos Isabel,Isabel Amarelo Marfim,Clássico,Nevado,MEL-IS-CLÁ-AMA
Cor,Melânicos Isabel,Isabel Amarelo Marfim,Clássico,Mosaico Macho,MEL-IS-CLÁ-AMA
Cor,Melânicos Isabel,Isabel Amarelo Marfim,Clássico,Mosaico Fêmea,MEL-IS-CLÁ-AMA
Cor,Melânicos Isabel,Isabel Vermelho,Clássico,Intenso,MEL-IS-CLÁ-VER
Cor,Melânicos Isabel,Isabel Vermelho,Clássico,Nevado,MEL-IS-CLÁ-VER
Cor,Melânicos Isabel,Isabel Vermelho,Clássico,Mosaico Macho,MEL-IS-CLÁ-VER
Cor,Melânicos Isabel,Isabel Vermelho,Clássico,Mosaico Fêmea,MEL-IS-CLÁ-VER
Cor,Melânicos Isabel,Isabel Vermelho Marfim,Clássico,Intenso,MEL-IS-CLÁ-VER
Cor,Melânicos Isabel,Isabel Vermelho Marfim,Clássico,Nevado,MEL-IS-CLÁ-VER
Cor,Melânicos Isabel,Isabel Vermelho Marfim,Clássico,Mosaico Macho,MEL-IS-CLÁ-VER
Cor,Melânicos Isabel,Isabel Vermelho Marfim,Clássico,Mosaico Fêmea,MEL-IS-CLÁ-VER
Cor,Melânicos Isabel,Isabel Verde,Pastel,Intenso,MEL-IS-PAS-VER
Cor,Melânicos Isabel,Isabel Verde,Pastel,Nevado,MEL-IS-PAS-VER
Cor,Melânicos Isabel,Isabel Verde,Pastel,Mosaico Macho,MEL-IS-PAS-VER
Cor,Melânicos Isabel,Isabel Verde,Pastel,Mosaico Fêmea,MEL-IS-PAS-VER
Cor,Melânicos Isabel,Isabel Azul,Pastel,Não Aplicável (Fundo Branco/Azul),MEL-IS-PAS-AZU
Cor,Melânicos Isabel,Isabel Cobre,Pastel,Intenso,MEL-IS-PAS-COB
Cor,Melânicos Isabel,Isabel Cobre,Pastel,Nevado,MEL-IS-PAS-COB
Cor,Melânicos Isabel,Isabel Cobre,Pastel,Mosaico Macho,MEL-IS-PAS-COB
Cor,Melânicos Isabel,Isabel Cobre,Pastel,Mosaico Fêmea,MEL-IS-PAS-COB
Cor,Melânicos Isabel,Isabel Amarelo,Pastel,Intenso,MEL-IS-PAS-AMA
Cor,Melânicos Isabel,Isabel Amarelo,Pastel,Nevado,MEL-IS-PAS-AMA
Cor,Melânicos Isabel,Isabel Amarelo,Pastel,Mosaico Macho,MEL-IS-PAS-AMA
Cor,Melânicos Isabel,Isabel Amarelo,Pastel,Mosaico Fêmea,MEL-IS-PAS-AMA
Cor,Melânicos Isabel,Isabel Amarelo Marfim,Pastel,Intenso,MEL-IS-PAS-AMA
Cor,Melânicos Isabel,Isabel Amarelo Marfim,Pastel,Nevado,MEL-IS-PAS-AMA
Cor,Melânicos Isabel,Isabel Amarelo Marfim,Pastel,Mosaico Macho,MEL-IS-PAS-AMA
Cor,Melânicos Isabel,Isabel Amarelo Marfim,Pastel,Mosaico Fêmea,MEL-IS-PAS-AMA
Cor,Melânicos Isabel,Isabel Vermelho,Pastel,Intenso,MEL-IS-PAS-VER
Cor,Melânicos Isabel,Isabel Vermelho,Pastel,Nevado,MEL-IS-PAS-VER
Cor,Melânicos Isabel,Isabel Vermelho,Pastel,Mosaico Macho,MEL-IS-PAS-VER
Cor,Melânicos Isabel,Isabel Vermelho,Pastel,Mosaico Fêmea,MEL-IS-PAS-VER
Cor,Melânicos Isabel,Isabel Vermelho Marfim,Pastel,Intenso,MEL-IS-PAS-VER
Cor,Melânicos Isabel,Isabel Vermelho Marfim,Pastel,Nevado,MEL-IS-PAS-VER
Cor,Melânicos Isabel,Isabel Vermelho Marfim,Pastel,Mosaico Macho,MEL-IS-PAS-VER
Cor,Melânicos Isabel,Isabel Vermelho Marfim,Pastel,Mosaico Fêmea,MEL-IS-PAS-VER
Cor,Melânicos Isabel,Isabel Verde,Opala,Intenso,MEL-IS-OPA-VER
Cor,Melânicos Isabel,Isabel Verde,Opala,Nevado,MEL-IS-OPA-VER
Cor,Melânicos Isabel,Isabel Verde,Opala,Mosaico Macho,MEL-IS-OPA-VER
Cor,Melânicos Isabel,Isabel Verde,Opala,Mosaico Fêmea,MEL-IS-OPA-VER
Cor,Melânicos Isabel,Isabel Azul,Opala,Não Aplicável (Fundo Branco/Azul),MEL-IS-OPA-AZU
Cor,Melânicos Isabel,Isabel Cobre,Opala,Intenso,MEL-IS-OPA-COB
Cor,Melânicos Isabel,Isabel Cobre,Opala,Nevado,MEL-IS-OPA-COB
Cor,Melânicos Isabel,Isabel Cobre,Opala,Mosaico Macho,MEL-IS-OPA-COB
Cor,Melânicos Isabel,Isabel Cobre,Opala,Mosaico Fêmea,MEL-IS-OPA-COB
Cor,Melânicos Isabel,Isabel Amarelo,Opala,Intenso,MEL-IS-OPA-AMA
Cor,Melânicos Isabel,Isabel Amarelo,Opala,Nevado,MEL-IS-OPA-AMA
Cor,Melânicos Isabel,Isabel Amarelo,Opala,Mosaico Macho,MEL-IS-OPA-AMA
Cor,Melânicos Isabel,Isabel Amarelo,Opala,Mosaico Fêmea,MEL-IS-OPA-AMA
Cor,Melânicos Isabel,Isabel Amarelo Marfim,Opala,Intenso,MEL-IS-OPA-AMA
Cor,Melânicos Isabel,Isabel Amarelo Marfim,Opala,Nevado,MEL-IS-OPA-AMA
Cor,Melânicos Isabel,Isabel Amarelo Marfim,Opala,Mosaico Macho,MEL-IS-OPA-AMA
Cor,Melânicos Isabel,Isabel Amarelo Marfim,Opala,Mosaico Fêmea,MEL-IS-OPA-AMA
Cor,Melânicos Isabel,Isabel Vermelho,Opala,Intenso,MEL-IS-OPA-VER
Cor,Melânicos Isabel,Isabel Vermelho,Opala,Nevado,MEL-IS-OPA-VER
Cor,Melânicos Isabel,Isabel Vermelho,Opala,Mosaico Macho,MEL-IS-OPA-VER
Cor,Melânicos Isabel,Isabel Vermelho,Opala,Mosaico Fêmea,MEL-IS-OPA-VER
Cor,Melânicos Isabel,Isabel Vermelho Marfim,Opala,Intenso,MEL-IS-OPA-VER
Cor,Melânicos Isabel,Isabel Vermelho Marfim,Opala,Nevado,MEL-IS-OPA-VER
Cor,Melânicos Isabel,Isabel Vermelho Marfim,Opala,Mosaico Macho,MEL-IS-OPA-VER
Cor,Melânicos Isabel,Isabel Vermelho Marfim,Opala,Mosaico Fêmea,MEL-IS-OPA-VER
Cor,Melânicos Isabel,Isabel Verde,Ino,Intenso,MEL-IS-INO-VER
Cor,Melânicos Isabel,Isabel Verde,Ino,Nevado,MEL-IS-INO-VER
Cor,Melânicos Isabel,Isabel Verde,Ino,Mosaico Macho,MEL-IS-INO-VER
Cor,Melânicos Isabel,Isabel Verde,Ino,Mosaico Fêmea,MEL-IS-INO-VER
Cor,Melânicos Isabel,Isabel Azul,Ino,Não Aplicável (Fundo Branco/Azul),MEL-IS-INO-AZU
Cor,Melânicos Isabel,Isabel Cobre,Ino,Intenso,MEL-IS-INO-COB
Cor,Melânicos Isabel,Isabel Cobre,Ino,Nevado,MEL-IS-INO-COB
Cor,Melânicos Isabel,Isabel Cobre,Ino,Mosaico Macho,MEL-IS-INO-COB
Cor,Melânicos Isabel,Isabel Cobre,Ino,Mosaico Fêmea,MEL-IS-INO-COB
Cor,Melânicos Isabel,Isabel Amarelo,Ino,Intenso,MEL-IS-INO-AMA
Cor,Melânicos Isabel,Isabel Amarelo,Ino,Nevado,MEL-IS-INO-AMA
Cor,Melânicos Isabel,Isabel Amarelo,Ino,Mosaico Macho,MEL-IS-INO-AMA
Cor,Melânicos Isabel,Isabel Amarelo,Ino,Mosaico Fêmea,MEL-IS-INO-AMA
Cor,Melânicos Isabel,Isabel Amarelo Marfim,Ino,Intenso,MEL-IS-INO-AMA
Cor,Melânicos Isabel,Isabel Amarelo Marfim,Ino,Nevado,MEL-IS-INO-AMA
Cor,Melânicos Isabel,Isabel Amarelo Marfim,Ino,Mosaico Macho,MEL-IS-INO-AMA
Cor,Melânicos Isabel,Isabel Amarelo Marfim,Ino,Mosaico Fêmea,MEL-IS-INO-AMA
Cor,Melânicos Isabel,Isabel Vermelho,Ino,Intenso,MEL-IS-INO-VER
Cor,Melânicos Isabel,Isabel Vermelho,Ino,Nevado,MEL-IS-INO-VER
Cor,Melânicos Isabel,Isabel Vermelho,Ino,Mosaico Macho,MEL-IS-INO-VER
Cor,Melânicos Isabel,Isabel Vermelho,Ino,Mosaico Fêmea,MEL-IS-INO-VER
Cor,Melânicos Isabel,Isabel Vermelho Marfim,Ino,Intenso,MEL-IS-INO-VER
Cor,Melânicos Isabel,Isabel Vermelho Marfim,Ino,Nevado,MEL-IS-INO-VER
Cor,Melânicos Isabel,Isabel Vermelho Marfim,Ino,Mosaico Macho,MEL-IS-INO-VER
Cor,Melânicos Isabel,Isabel Vermelho Marfim,Ino,Mosaico Fêmea,MEL-IS-INO-VER
Cor,Melânicos Isabel,Isabel Verde,Satinê,Intenso,MEL-IS-SAT-VER
Cor,Melânicos Isabel,Isabel Verde,Satinê,Nevado,MEL-IS-SAT-VER
Cor,Melânicos Isabel,Isabel Verde,Satinê,Mosaico Macho,MEL-IS-SAT-VER
Cor,Melânicos Isabel,Isabel Verde,Satinê,Mosaico Fêmea,MEL-IS-SAT-VER
Cor,Melânicos Isabel,Isabel Azul,Satinê,Não Aplicável (Fundo Branco/Azul),MEL-IS-SAT-AZU
Cor,Melânicos Isabel,Isabel Cobre,Satinê,Intenso,MEL-IS-SAT-COB
Cor,Melânicos Isabel,Isabel Cobre,Satinê,Nevado,MEL-IS-SAT-COB
Cor,Melânicos Isabel,Isabel Cobre,Satinê,Mosaico Macho,MEL-IS-SAT-COB
Cor,Melânicos Isabel,Isabel Cobre,Satinê,Mosaico Fêmea,MEL-IS-SAT-COB
Cor,Melânicos Isabel,Isabel Amarelo,Satinê,Intenso,MEL-IS-SAT-AMA
Cor,Melânicos Isabel,Isabel Amarelo,Satinê,Nevado,MEL-IS-SAT-AMA
Cor,Melânicos Isabel,Isabel Amarelo,Satinê,Mosaico Macho,MEL-IS-SAT-AMA
Cor,Melânicos Isabel,Isabel Amarelo,Satinê,Mosaico Fêmea,MEL-IS-SAT-AMA
Cor,Melânicos Isabel,Isabel Amarelo Marfim,Satinê,Intenso,MEL-IS-SAT-AMA
Cor,Melânicos Isabel,Isabel Amarelo Marfim,Satinê,Nevado,MEL-IS-SAT-AMA
Cor,Melânicos Isabel,Isabel Amarelo Marfim,Satinê,Mosaico Macho,MEL-IS-SAT-AMA
Cor,Melânicos Isabel,Isabel Amarelo Marfim,Satinê,Mosaico Fêmea,MEL-IS-SAT-AMA
Cor,Melânicos Isabel,Isabel Vermelho,Satinê,Intenso,MEL-IS-SAT-VER
Cor,Melânicos Isabel,Isabel Vermelho,Satinê,Nevado,MEL-IS-SAT-VER
Cor,Melânicos Isabel,Isabel Vermelho,Satinê,Mosaico Macho,MEL-IS-SAT-VER
Cor,Melânicos Isabel,Isabel Vermelho,Satinê,Mosaico Fêmea,MEL-IS-SAT-VER
Cor,Melânicos Isabel,Isabel Vermelho Marfim,Satinê,Intenso,MEL-IS-SAT-VER
Cor,Melânicos Isabel,Isabel Vermelho Marfim,Satinê,Nevado,MEL-IS-SAT-VER
Cor,Melânicos Isabel,Isabel Vermelho Marfim,Satinê,Mosaico Macho,MEL-IS-SAT-VER
Cor,Melânicos Isabel,Isabel Vermelho Marfim,Satinê,Mosaico Fêmea,MEL-IS-SAT-VER
Cor,Melânicos Isabel,Isabel Verde,Topázio,Intenso,MEL-IS-TOP-VER
Cor,Melânicos Isabel,Isabel Verde,Topázio,Nevado,MEL-IS-TOP-VER
Cor,Melânicos Isabel,Isabel Verde,Topázio,Mosaico Macho,MEL-IS-TOP-VER
Cor,Melânicos Isabel,Isabel Verde,Topázio,Mosaico Fêmea,MEL-IS-TOP-VER
Cor,Melânicos Isabel,Isabel Azul,Topázio,Não Aplicável (Fundo Branco/Azul),MEL-IS-TOP-AZU
Cor,Melânicos Isabel,Isabel Cobre,Topázio,Intenso,MEL-IS-TOP-COB
Cor,Melânicos Isabel,Isabel Cobre,Topázio,Nevado,MEL-IS-TOP-COB
Cor,Melânicos Isabel,Isabel Cobre,Topázio,Mosaico Macho,MEL-IS-TOP-COB
Cor,Melânicos Isabel,Isabel Cobre,Topázio,Mosaico Fêmea,MEL-IS-TOP-COB
Cor,Melânicos Isabel,Isabel Amarelo,Topázio,Intenso,MEL-IS-TOP-AMA
Cor,Melânicos Isabel,Isabel Amarelo,Topázio,Nevado,MEL-IS-TOP-AMA
Cor,Melânicos Isabel,Isabel Amarelo,Topázio,Mosaico Macho,MEL-IS-TOP-AMA
Cor,Melânicos Isabel,Isabel Amarelo,Topázio,Mosaico Fêmea,MEL-IS-TOP-AMA
Cor,Melânicos Isabel,Isabel Amarelo Marfim,Topázio,Intenso,MEL-IS-TOP-AMA
Cor,Melânicos Isabel,Isabel Amarelo Marfim,Topázio,Nevado,MEL-IS-TOP-AMA
Cor,Melânicos Isabel,Isabel Amarelo Marfim,Topázio,Mosaico Macho,MEL-IS-TOP-AMA
Cor,Melânicos Isabel,Isabel Amarelo Marfim,Topázio,Mosaico Fêmea,MEL-IS-TOP-AMA
Cor,Melânicos Isabel,Isabel Vermelho,Topázio,Intenso,MEL-IS-TOP-VER
Cor,Melânicos Isabel,Isabel Vermelho,Topázio,Nevado,MEL-IS-TOP-VER
Cor,Melânicos Isabel,Isabel Vermelho,Topázio,Mosaico Macho,MEL-IS-TOP-VER
Cor,Melânicos Isabel,Isabel Vermelho,Topázio,Mosaico Fêmea,MEL-IS-TOP-VER
Cor,Melânicos Isabel,Isabel Vermelho Marfim,Topázio,Intenso,MEL-IS-TOP-VER
Cor,Melânicos Isabel,Isabel Vermelho Marfim,Topázio,Nevado,MEL-IS-TOP-VER
Cor,Melânicos Isabel,Isabel Vermelho Marfim,Topázio,Mosaico Macho,MEL-IS-TOP-VER
Cor,Melânicos Isabel,Isabel Vermelho Marfim,Topázio,Mosaico Fêmea,MEL-IS-TOP-VER
Cor,Melânicos Isabel,Isabel Verde,Eumo,Intenso,MEL-IS-EUM-VER
Cor,Melânicos Isabel,Isabel Verde,Eumo,Nevado,MEL-IS-EUM-VER
Cor,Melânicos Isabel,Isabel Verde,Eumo,Mosaico Macho,MEL-IS-EUM-VER
Cor,Melânicos Isabel,Isabel Verde,Eumo,Mosaico Fêmea,MEL-IS-EUM-VER
Cor,Melânicos Isabel,Isabel Azul,Eumo,Não Aplicável (Fundo Branco/Azul),MEL-IS-EUM-AZU
Cor,Melânicos Isabel,Isabel Cobre,Eumo,Intenso,MEL-IS-EUM-COB
Cor,Melânicos Isabel,Isabel Cobre,Eumo,Nevado,MEL-IS-EUM-COB
Cor,Melânicos Isabel,Isabel Cobre,Eumo,Mosaico Macho,MEL-IS-EUM-COB
Cor,Melânicos Isabel,Isabel Cobre,Eumo,Mosaico Fêmea,MEL-IS-EUM-COB
Cor,Melânicos Isabel,Isabel Amarelo,Eumo,Intenso,MEL-IS-EUM-AMA
Cor,Melânicos Isabel,Isabel Amarelo,Eumo,Nevado,MEL-IS-EUM-AMA
Cor,Melânicos Isabel,Isabel Amarelo,Eumo,Mosaico Macho,MEL-IS-EUM-AMA
Cor,Melânicos Isabel,Isabel Amarelo,Eumo,Mosaico Fêmea,MEL-IS-EUM-AMA
Cor,Melânicos Isabel,Isabel Amarelo Marfim,Eumo,Intenso,MEL-IS-EUM-AMA
Cor,Melânicos Isabel,Isabel Amarelo Marfim,Eumo,Nevado,MEL-IS-EUM-AMA
Cor,Melânicos Isabel,Isabel Amarelo Marfim,Eumo,Mosaico Macho,MEL-IS-EUM-AMA
Cor,Melânicos Isabel,Isabel Amarelo Marfim,Eumo,Mosaico Fêmea,MEL-IS-EUM-AMA
Cor,Melânicos Isabel,Isabel Vermelho,Eumo,Intenso,MEL-IS-EUM-VER
Cor,Melânicos Isabel,Isabel Vermelho,Eumo,Nevado,MEL-IS-EUM-VER
Cor,Melânicos Isabel,Isabel Vermelho,Eumo,Mosaico Macho,MEL-IS-EUM-VER
Cor,Melânicos Isabel,Isabel Vermelho,Eumo,Mosaico Fêmea,MEL-IS-EUM-VER
Cor,Melânicos Isabel,Isabel Vermelho Marfim,Eumo,Intenso,MEL-IS-EUM-VER
Cor,Melânicos Isabel,Isabel Vermelho Marfim,Eumo,Nevado,MEL-IS-EUM-VER
Cor,Melânicos Isabel,Isabel Vermelho Marfim,Eumo,Mosaico Macho,MEL-IS-EUM-VER
Cor,Melânicos Isabel,Isabel Vermelho Marfim,Eumo,Mosaico Fêmea,MEL-IS-EUM-VER
Cor,Melânicos Isabel,Isabel Verde,Onix,Intenso,MEL-IS-ONI-VER
Cor,Melânicos Isabel,Isabel Verde,Onix,Nevado,MEL-IS-ONI-VER
Cor,Melânicos Isabel,Isabel Verde,Onix,Mosaico Macho,MEL-IS-ONI-VER
Cor,Melânicos Isabel,Isabel Verde,Onix,Mosaico Fêmea,MEL-IS-ONI-VER
Cor,Melânicos Isabel,Isabel Azul,Onix,Não Aplicável (Fundo Branco/Azul),MEL-IS-ONI-AZU
Cor,Melânicos Isabel,Isabel Cobre,Onix,Intenso,MEL-IS-ONI-COB
Cor,Melânicos Isabel,Isabel Cobre,Onix,Nevado,MEL-IS-ONI-COB
Cor,Melânicos Isabel,Isabel Cobre,Onix,Mosaico Macho,MEL-IS-ONI-COB
Cor,Melânicos Isabel,Isabel Cobre,Onix,Mosaico Fêmea,MEL-IS-ONI-COB
Cor,Melânicos Isabel,Isabel Amarelo,Onix,Intenso,MEL-IS-ONI-AMA
Cor,Melânicos Isabel,Isabel Amarelo,Onix,Nevado,MEL-IS-ONI-AMA
Cor,Melânicos Isabel,Isabel Amarelo,Onix,Mosaico Macho,MEL-IS-ONI-AMA
Cor,Melânicos Isabel,Isabel Amarelo,Onix,Mosaico Fêmea,MEL-IS-ONI-AMA
Cor,Melânicos Isabel,Isabel Amarelo Marfim,Onix,Intenso,MEL-IS-ONI-AMA
Cor,Melânicos Isabel,Isabel Amarelo Marfim,Onix,Nevado,MEL-IS-ONI-AMA
Cor,Melânicos Isabel,Isabel Amarelo Marfim,Onix,Mosaico Macho,MEL-IS-ONI-AMA
Cor,Melânicos Isabel,Isabel Amarelo Marfim,Onix,Mosaico Fêmea,MEL-IS-ONI-AMA
Cor,Melânicos Isabel,Isabel Vermelho,Onix,Intenso,MEL-IS-ONI-VER
Cor,Melânicos Isabel,Isabel Vermelho,Onix,Nevado,MEL-IS-ONI-VER
Cor,Melânicos Isabel,Isabel Vermelho,Onix,Mosaico Macho,MEL-IS-ONI-VER
Cor,Melânicos Isabel,Isabel Vermelho,Onix,Mosaico Fêmea,MEL-IS-ONI-VER
Cor,Melânicos Isabel,Isabel Vermelho Marfim,Onix,Intenso,MEL-IS-ONI-VER
Cor,Melânicos Isabel,Isabel Vermelho Marfim,Onix,Nevado,MEL-IS-ONI-VER
Cor,Melânicos Isabel,Isabel Vermelho Marfim,Onix,Mosaico Macho,MEL-IS-ONI-VER
Cor,Melânicos Isabel,Isabel Vermelho Marfim,Onix,Mosaico Fêmea,MEL-IS-ONI-VER
Cor,Melânicos Isabel,Isabel Verde,Cobalto,Intenso,MEL-IS-COB-VER
Cor,Melânicos Isabel,Isabel Verde,Cobalto,Nevado,MEL-IS-COB-VER
Cor,Melânicos Isabel,Isabel Verde,Cobalto,Mosaico Macho,MEL-IS-COB-VER
Cor,Melânicos Isabel,Isabel Verde,Cobalto,Mosaico Fêmea,MEL-IS-COB-VER
Cor,Melânicos Isabel,Isabel Azul,Cobalto,Não Aplicável (Fundo Branco/Azul),MEL-IS-COB-AZU
Cor,Melânicos Isabel,Isabel Cobre,Cobalto,Intenso,MEL-IS-COB-COB
Cor,Melânicos Isabel,Isabel Cobre,Cobalto,Nevado,MEL-IS-COB-COB
Cor,Melânicos Isabel,Isabel Cobre,Cobalto,Mosaico Macho,MEL-IS-COB-COB
Cor,Melânicos Isabel,Isabel Cobre,Cobalto,Mosaico Fêmea,MEL-IS-COB-COB
Cor,Melânicos Isabel,Isabel Amarelo,Cobalto,Intenso,MEL-IS-COB-AMA
Cor,Melânicos Isabel,Isabel Amarelo,Cobalto,Nevado,MEL-IS-COB-AMA
Cor,Melânicos Isabel,Isabel Amarelo,Cobalto,Mosaico Macho,MEL-IS-COB-AMA
Cor,Melânicos Isabel,Isabel Amarelo,Cobalto,Mosaico Fêmea,MEL-IS-COB-AMA
Cor,Melânicos Isabel,Isabel Amarelo Marfim,Cobalto,Intenso,MEL-IS-COB-AMA
Cor,Melânicos Isabel,Isabel Amarelo Marfim,Cobalto,Nevado,MEL-IS-COB-AMA
Cor,Melânicos Isabel,Isabel Amarelo Marfim,Cobalto,Mosaico Macho,MEL-IS-COB-AMA
Cor,Melânicos Isabel,Isabel Amarelo Marfim,Cobalto,Mosaico Fêmea,MEL-IS-COB-AMA
Cor,Melânicos Isabel,Isabel Vermelho,Cobalto,Intenso,MEL-IS-COB-VER
Cor,Melânicos Isabel,Isabel Vermelho,Cobalto,Nevado,MEL-IS-COB-VER
Cor,Melânicos Isabel,Isabel Vermelho,Cobalto,Mosaico Macho,MEL-IS-COB-VER
Cor,Melânicos Isabel,Isabel Vermelho,Cobalto,Mosaico Fêmea,MEL-IS-COB-VER
Cor,Melânicos Isabel,Isabel Vermelho Marfim,Cobalto,Intenso,MEL-IS-COB-VER
Cor,Melânicos Isabel,Isabel Vermelho Marfim,Cobalto,Nevado,MEL-IS-COB-VER
Cor,Melânicos Isabel,Isabel Vermelho Marfim,Cobalto,Mosaico Macho,MEL-IS-COB-VER
Cor,Melânicos Isabel,Isabel Vermelho Marfim,Cobalto,Mosaico Fêmea,MEL-IS-COB-VER
Cor,Melânicos Isabel,Isabel Verde,Jaspe Simples Diluição,Intenso,MEL-IS-JAS-VER
Cor,Melânicos Isabel,Isabel Verde,Jaspe Simples Diluição,Nevado,MEL-IS-JAS-VER
Cor,Melânicos Isabel,Isabel Verde,Jaspe Simples Diluição,Mosaico Macho,MEL-IS-JAS-VER
Cor,Melânicos Isabel,Isabel Verde,Jaspe Simples Diluição,Mosaico Fêmea,MEL-IS-JAS-VER
Cor,Melânicos Isabel,Isabel Azul,Jaspe Simples Diluição,Não Aplicável (Fundo Branco/Azul),MEL-IS-JAS-AZU
Cor,Melânicos Isabel,Isabel Cobre,Jaspe Simples Diluição,Intenso,MEL-IS-JAS-COB
Cor,Melânicos Isabel,Isabel Cobre,Jaspe Simples Diluição,Nevado,MEL-IS-JAS-COB
Cor,Melânicos Isabel,Isabel Cobre,Jaspe Simples Diluição,Mosaico Macho,MEL-IS-JAS-COB
Cor,Melânicos Isabel,Isabel Cobre,Jaspe Simples Diluição,Mosaico Fêmea,MEL-IS-JAS-COB
Cor,Melânicos Isabel,Isabel Amarelo,Jaspe Simples Diluição,Intenso,MEL-IS-JAS-AMA
Cor,Melânicos Isabel,Isabel Amarelo,Jaspe Simples Diluição,Nevado,MEL-IS-JAS-AMA
Cor,Melânicos Isabel,Isabel Amarelo,Jaspe Simples Diluição,Mosaico Macho,MEL-IS-JAS-AMA
Cor,Melânicos Isabel,Isabel Amarelo,Jaspe Simples Diluição,Mosaico Fêmea,MEL-IS-JAS-AMA
Cor,Melânicos Isabel,Isabel Amarelo Marfim,Jaspe Simples Diluição,Intenso,MEL-IS-JAS-AMA
Cor,Melânicos Isabel,Isabel Amarelo Marfim,Jaspe Simples Diluição,Nevado,MEL-IS-JAS-AMA
Cor,Melânicos Isabel,Isabel Amarelo Marfim,Jaspe Simples Diluição,Mosaico Macho,MEL-IS-JAS-AMA
Cor,Melânicos Isabel,Isabel Amarelo Marfim,Jaspe Simples Diluição,Mosaico Fêmea,MEL-IS-JAS-AMA
Cor,Melânicos Isabel,Isabel Vermelho,Jaspe Simples Diluição,Intenso,MEL-IS-JAS-VER
Cor,Melânicos Isabel,Isabel Vermelho,Jaspe Simples Diluição,Nevado,MEL-IS-JAS-VER
Cor,Melânicos Isabel,Isabel Vermelho,Jaspe Simples Diluição,Mosaico Macho,MEL-IS-JAS-VER
Cor,Melânicos Isabel,Isabel Vermelho,Jaspe Simples Diluição,Mosaico Fêmea,MEL-IS-JAS-VER
Cor,Melânicos Isabel,Isabel Vermelho Marfim,Jaspe Simples Diluição,Intenso,MEL-IS-JAS-VER
Cor,Melânicos Isabel,Isabel Vermelho Marfim,Jaspe Simples Diluição,Nevado,MEL-IS-JAS-VER
Cor,Melânicos Isabel,Isabel Vermelho Marfim,Jaspe Simples Diluição,Mosaico Macho,MEL-IS-JAS-VER
Cor,Melânicos Isabel,Isabel Vermelho Marfim,Jaspe Simples Diluição,Mosaico Fêmea,MEL-IS-JAS-VER
Cor,Melânicos Isabel,Isabel Verde,Jaspe Dupla Diluição,Intenso,MEL-IS-JAS-VER
Cor,Melânicos Isabel,Isabel Verde,Jaspe Dupla Diluição,Nevado,MEL-IS-JAS-VER
Cor,Melânicos Isabel,Isabel Verde,Jaspe Dupla Diluição,Mosaico Macho,MEL-IS-JAS-VER
Cor,Melânicos Isabel,Isabel Verde,Jaspe Dupla Diluição,Mosaico Fêmea,MEL-IS-JAS-VER
Cor,Melânicos Isabel,Isabel Azul,Jaspe Dupla Diluição,Não Aplicável (Fundo Branco/Azul),MEL-IS-JAS-AZU
Cor,Melânicos Isabel,Isabel Cobre,Jaspe Dupla Diluição,Intenso,MEL-IS-JAS-COB
Cor,Melânicos Isabel,Isabel Cobre,Jaspe Dupla Diluição,Nevado,MEL-IS-JAS-COB
Cor,Melânicos Isabel,Isabel Cobre,Jaspe Dupla Diluição,Mosaico Macho,MEL-IS-JAS-COB
Cor,Melânicos Isabel,Isabel Cobre,Jaspe Dupla Diluição,Mosaico Fêmea,MEL-IS-JAS-COB
Cor,Melânicos Isabel,Isabel Amarelo,Jaspe Dupla Diluição,Intenso,MEL-IS-JAS-AMA
Cor,Melânicos Isabel,Isabel Amarelo,Jaspe Dupla Diluição,Nevado,MEL-IS-JAS-AMA
Cor,Melânicos Isabel,Isabel Amarelo,Jaspe Dupla Diluição,Mosaico Macho,MEL-IS-JAS-AMA
Cor,Melânicos Isabel,Isabel Amarelo,Jaspe Dupla Diluição,Mosaico Fêmea,MEL-IS-JAS-AMA
Cor,Melânicos Isabel,Isabel Amarelo Marfim,Jaspe Dupla Diluição,Intenso,MEL-IS-JAS-AMA
Cor,Melânicos Isabel,Isabel Amarelo Marfim,Jaspe Dupla Diluição,Nevado,MEL-IS-JAS-AMA
Cor,Melânicos Isabel,Isabel Amarelo Marfim,Jaspe Dupla Diluição,Mosaico Macho,MEL-IS-JAS-AMA
Cor,Melânicos Isabel,Isabel Amarelo Marfim,Jaspe Dupla Diluição,Mosaico Fêmea,MEL-IS-JAS-AMA
Cor,Melânicos Isabel,Isabel Vermelho,Jaspe Dupla Diluição,Intenso,MEL-IS-JAS-VER
Cor,Melânicos Isabel,Isabel Vermelho,Jaspe Dupla Diluição,Nevado,MEL-IS-JAS-VER
Cor,Melânicos Isabel,Isabel Vermelho,Jaspe Dupla Diluição,Mosaico Macho,MEL-IS-JAS-VER
Cor,Melânicos Isabel,Isabel Vermelho,Jaspe Dupla Diluição,Mosaico Fêmea,MEL-IS-JAS-VER
Cor,Melânicos Isabel,Isabel Vermelho Marfim,Jaspe Dupla Diluição,Intenso,MEL-IS-JAS-VER
Cor,Melânicos Isabel,Isabel Vermelho Marfim,Jaspe Dupla Diluição,Nevado,MEL-IS-JAS-VER
Cor,Melânicos Isabel,Isabel Vermelho Marfim,Jaspe Dupla Diluição,Mosaico Macho,MEL-IS-JAS-VER
Cor,Melânicos Isabel,Isabel Vermelho Marfim,Jaspe Dupla Diluição,Mosaico Fêmea,MEL-IS-JAS-VER
Cor,Melânicos Isabel,Isabel Verde,Mogno,Intenso,MEL-IS-MOG-VER
Cor,Melânicos Isabel,Isabel Verde,Mogno,Nevado,MEL-IS-MOG-VER
Cor,Melânicos Isabel,Isabel Verde,Mogno,Mosaico Macho,MEL-IS-MOG-VER
Cor,Melânicos Isabel,Isabel Verde,Mogno,Mosaico Fêmea,MEL-IS-MOG-VER
Cor,Melânicos Isabel,Isabel Azul,Mogno,Não Aplicável (Fundo Branco/Azul),MEL-IS-MOG-AZU
Cor,Melânicos Isabel,Isabel Cobre,Mogno,Intenso,MEL-IS-MOG-COB
Cor,Melânicos Isabel,Isabel Cobre,Mogno,Nevado,MEL-IS-MOG-COB
Cor,Melânicos Isabel,Isabel Cobre,Mogno,Mosaico Macho,MEL-IS-MOG-COB
Cor,Melânicos Isabel,Isabel Cobre,Mogno,Mosaico Fêmea,MEL-IS-MOG-COB
Cor,Melânicos Isabel,Isabel Amarelo,Mogno,Intenso,MEL-IS-MOG-AMA
Cor,Melânicos Isabel,Isabel Amarelo,Mogno,Nevado,MEL-IS-MOG-AMA
Cor,Melânicos Isabel,Isabel Amarelo,Mogno,Mosaico Macho,MEL-IS-MOG-AMA
Cor,Melânicos Isabel,Isabel Amarelo,Mogno,Mosaico Fêmea,MEL-IS-MOG-AMA
Cor,Melânicos Isabel,Isabel Amarelo Marfim,Mogno,Intenso,MEL-IS-MOG-AMA
Cor,Melânicos Isabel,Isabel Amarelo Marfim,Mogno,Nevado,MEL-IS-MOG-AMA
Cor,Melânicos Isabel,Isabel Amarelo Marfim,Mogno,Mosaico Macho,MEL-IS-MOG-AMA
Cor,Melânicos Isabel,Isabel Amarelo Marfim,Mogno,Mosaico Fêmea,MEL-IS-MOG-AMA
Cor,Melânicos Isabel,Isabel Vermelho,Mogno,Intenso,MEL-IS-MOG-VER
Cor,Melânicos Isabel,Isabel Vermelho,Mogno,Nevado,MEL-IS-MOG-VER
Cor,Melânicos Isabel,Isabel Vermelho,Mogno,Mosaico Macho,MEL-IS-MOG-VER
Cor,Melânicos Isabel,Isabel Vermelho,Mogno,Mosaico Fêmea,MEL-IS-MOG-VER
Cor,Melânicos Isabel,Isabel Vermelho Marfim,Mogno,Intenso,MEL-IS-MOG-VER
Cor,Melânicos Isabel,Isabel Vermelho Marfim,Mogno,Nevado,MEL-IS-MOG-VER
Cor,Melânicos Isabel,Isabel Vermelho Marfim,Mogno,Mosaico Macho,MEL-IS-MOG-VER
Cor,Melânicos Isabel,Isabel Vermelho Marfim,Mogno,Mosaico Fêmea,MEL-IS-MOG-VER
Cor,Melânicos Isabel,Isabel Verde,Quartzo,Intenso,MEL-IS-QUA-VER
Cor,Melânicos Isabel,Isabel Verde,Quartzo,Nevado,MEL-IS-QUA-VER
Cor,Melânicos Isabel,Isabel Verde,Quartzo,Mosaico Macho,MEL-IS-QUA-VER
Cor,Melânicos Isabel,Isabel Verde,Quartzo,Mosaico Fêmea,MEL-IS-QUA-VER
Cor,Melânicos Isabel,Isabel Azul,Quartzo,Não Aplicável (Fundo Branco/Azul),MEL-IS-QUA-AZU
Cor,Melânicos Isabel,Isabel Cobre,Quartzo,Intenso,MEL-IS-QUA-COB
Cor,Melânicos Isabel,Isabel Cobre,Quartzo,Nevado,MEL-IS-QUA-COB
Cor,Melânicos Isabel,Isabel Cobre,Quartzo,Mosaico Macho,MEL-IS-QUA-COB
Cor,Melânicos Isabel,Isabel Cobre,Quartzo,Mosaico Fêmea,MEL-IS-QUA-COB
Cor,Melânicos Isabel,Isabel Amarelo,Quartzo,Intenso,MEL-IS-QUA-AMA
Cor,Melânicos Isabel,Isabel Amarelo,Quartzo,Nevado,MEL-IS-QUA-AMA
Cor,Melânicos Isabel,Isabel Amarelo,Quartzo,Mosaico Macho,MEL-IS-QUA-AMA
Cor,Melânicos Isabel,Isabel Amarelo,Quartzo,Mosaico Fêmea,MEL-IS-QUA-AMA
Cor,Melânicos Isabel,Isabel Amarelo Marfim,Quartzo,Intenso,MEL-IS-QUA-AMA
Cor,Melânicos Isabel,Isabel Amarelo Marfim,Quartzo,Nevado,MEL-IS-QUA-AMA
Cor,Melânicos Isabel,Isabel Amarelo Marfim,Quartzo,Mosaico Macho,MEL-IS-QUA-AMA
Cor,Melânicos Isabel,Isabel Amarelo Marfim,Quartzo,Mosaico Fêmea,MEL-IS-QUA-AMA
Cor,Melânicos Isabel,Isabel Vermelho,Quartzo,Intenso,MEL-IS-QUA-VER
Cor,Melânicos Isabel,Isabel Vermelho,Quartzo,Nevado,MEL-IS-QUA-VER
Cor,Melânicos Isabel,Isabel Vermelho,Quartzo,Mosaico Macho,MEL-IS-QUA-VER
Cor,Melânicos Isabel,Isabel Vermelho,Quartzo,Mosaico Fêmea,MEL-IS-QUA-VER
Cor,Melânicos Isabel,Isabel Vermelho Marfim,Quartzo,Intenso,MEL-IS-QUA-VER
Cor,Melânicos Isabel,Isabel Vermelho Marfim,Quartzo,Nevado,MEL-IS-QUA-VER
Cor,Melânicos Isabel,Isabel Vermelho Marfim,Quartzo,Mosaico Macho,MEL-IS-QUA-VER
Cor,Melânicos Isabel,Isabel Vermelho Marfim,Quartzo,Mosaico Fêmea,MEL-IS-QUA-VER
Cor,Melânicos Isabel,Isabel Verde,Perla,Intenso,MEL-IS-PER-VER
Cor,Melânicos Isabel,Isabel Verde,Perla,Nevado,MEL-IS-PER-VER
Cor,Melânicos Isabel,Isabel Verde,Perla,Mosaico Macho,MEL-IS-PER-VER
Cor,Melânicos Isabel,Isabel Verde,Perla,Mosaico Fêmea,MEL-IS-PER-VER
Cor,Melânicos Isabel,Isabel Azul,Perla,Não Aplicável (Fundo Branco/Azul),MEL-IS-PER-AZU
Cor,Melânicos Isabel,Isabel Cobre,Perla,Intenso,MEL-IS-PER-COB
Cor,Melânicos Isabel,Isabel Cobre,Perla,Nevado,MEL-IS-PER-COB
Cor,Melânicos Isabel,Isabel Cobre,Perla,Mosaico Macho,MEL-IS-PER-COB
Cor,Melânicos Isabel,Isabel Cobre,Perla,Mosaico Fêmea,MEL-IS-PER-COB
Cor,Melânicos Isabel,Isabel Amarelo,Perla,Intenso,MEL-IS-PER-AMA
Cor,Melânicos Isabel,Isabel Amarelo,Perla,Nevado,MEL-IS-PER-AMA
Cor,Melânicos Isabel,Isabel Amarelo,Perla,Mosaico Macho,MEL-IS-PER-AMA
Cor,Melânicos Isabel,Isabel Amarelo,Perla,Mosaico Fêmea,MEL-IS-PER-AMA
Cor,Melânicos Isabel,Isabel Amarelo Marfim,Perla,Intenso,MEL-IS-PER-AMA
Cor,Melânicos Isabel,Isabel Amarelo Marfim,Perla,Nevado,MEL-IS-PER-AMA
Cor,Melânicos Isabel,Isabel Amarelo Marfim,Perla,Mosaico Macho,MEL-IS-PER-AMA
Cor,Melânicos Isabel,Isabel Amarelo Marfim,Perla,Mosaico Fêmea,MEL-IS-PER-AMA
Cor,Melânicos Isabel,Isabel Vermelho,Perla,Intenso,MEL-IS-PER-VER
Cor,Melânicos Isabel,Isabel Vermelho,Perla,Nevado,MEL-IS-PER-VER
Cor,Melânicos Isabel,Isabel Vermelho,Perla,Mosaico Macho,MEL-IS-PER-VER
Cor,Melânicos Isabel,Isabel Vermelho,Perla,Mosaico Fêmea,MEL-IS-PER-VER
Cor,Melânicos Isabel,Isabel Vermelho Marfim,Perla,Intenso,MEL-IS-PER-VER
Cor,Melânicos Isabel,Isabel Vermelho Marfim,Perla,Nevado,MEL-IS-PER-VER
Cor,Melânicos Isabel,Isabel Vermelho Marfim,Perla,Mosaico Macho,MEL-IS-PER-VER
Cor,Melânicos Isabel,Isabel Vermelho Marfim,Perla,Mosaico Fêmea,MEL-IS-PER-VER
